#usda 1.0
(
    defaultPrim = "Character"
    metersPerUnit = 1
    upAxis = "Y"
    doc = "Riser stock asset: rigged biped. Generated by tools/make-stock-assets.mjs - do not edit by hand."
)

def SkelRoot "Character"
{
    def Skeleton "Skel"
    {
        uniform token[] joints = [
            "Root", "Root/Hips", "Root/Hips/Spine",
            "Root/Hips/Spine/Chest", "Root/Hips/Spine/Chest/Neck", "Root/Hips/Spine/Chest/Neck/Head",
            "Root/Hips/Spine/Chest/ShoulderL", "Root/Hips/Spine/Chest/ShoulderL/ElbowL", "Root/Hips/Spine/Chest/ShoulderL/ElbowL/WristL",
            "Root/Hips/Spine/Chest/ShoulderR", "Root/Hips/Spine/Chest/ShoulderR/ElbowR", "Root/Hips/Spine/Chest/ShoulderR/ElbowR/WristR",
            "Root/Hips/HipL", "Root/Hips/HipL/KneeL", "Root/Hips/HipL/KneeL/AnkleL",
            "Root/Hips/HipR", "Root/Hips/HipR/KneeR", "Root/Hips/HipR/KneeR/AnkleR"
        ]
        uniform matrix4d[] bindTransforms = [
            ( (1, 0, 0, 0), (0, 1, 0, 0), (0, 0, 1, 0), (0, 0, 0, 1) ),
            ( (1, 0, 0, 0), (0, 1, 0, 0), (0, 0, 1, 0), (0, 0.94, 0, 1) ),
            ( (1, 0, 0, 0), (0, 1, 0, 0), (0, 0, 1, 0), (0, 1.06, 0, 1) ),
            ( (1, 0, 0, 0), (0, 1, 0, 0), (0, 0, 1, 0), (0, 1.3, 0, 1) ),
            ( (1, 0, 0, 0), (0, 1, 0, 0), (0, 0, 1, 0), (0, 1.52, 0, 1) ),
            ( (1, 0, 0, 0), (0, 1, 0, 0), (0, 0, 1, 0), (0, 1.62, 0, 1) ),
            ( (1, 0, 0, 0), (0, 1, 0, 0), (0, 0, 1, 0), (0.14, 1.45, 0, 1) ),
            ( (1, 0, 0, 0), (0, 1, 0, 0), (0, 0, 1, 0), (0.31, 1.2, 0, 1) ),
            ( (1, 0, 0, 0), (0, 1, 0, 0), (0, 0, 1, 0), (0.43, 0.96, 0, 1) ),
            ( (1, 0, 0, 0), (0, 1, 0, 0), (0, 0, 1, 0), (-0.14, 1.45, 0, 1) ),
            ( (1, 0, 0, 0), (0, 1, 0, 0), (0, 0, 1, 0), (-0.31, 1.2, 0, 1) ),
            ( (1, 0, 0, 0), (0, 1, 0, 0), (0, 0, 1, 0), (-0.43, 0.96, 0, 1) ),
            ( (1, 0, 0, 0), (0, 1, 0, 0), (0, 0, 1, 0), (0.1, 0.9, 0, 1) ),
            ( (1, 0, 0, 0), (0, 1, 0, 0), (0, 0, 1, 0), (0.1, 0.47, 0, 1) ),
            ( (1, 0, 0, 0), (0, 1, 0, 0), (0, 0, 1, 0), (0.1, 0.08, 0, 1) ),
            ( (1, 0, 0, 0), (0, 1, 0, 0), (0, 0, 1, 0), (-0.1, 0.9, 0, 1) ),
            ( (1, 0, 0, 0), (0, 1, 0, 0), (0, 0, 1, 0), (-0.1, 0.47, 0, 1) ),
            ( (1, 0, 0, 0), (0, 1, 0, 0), (0, 0, 1, 0), (-0.1, 0.08, 0, 1) )
        ]
        uniform matrix4d[] restTransforms = [
            ( (1, 0, 0, 0), (0, 1, 0, 0), (0, 0, 1, 0), (0, 0, 0, 1) ),
            ( (1, 0, 0, 0), (0, 1, 0, 0), (0, 0, 1, 0), (0, 0.94, 0, 1) ),
            ( (1, 0, 0, 0), (0, 1, 0, 0), (0, 0, 1, 0), (0, 0.12, 0, 1) ),
            ( (1, 0, 0, 0), (0, 1, 0, 0), (0, 0, 1, 0), (0, 0.24, 0, 1) ),
            ( (1, 0, 0, 0), (0, 1, 0, 0), (0, 0, 1, 0), (0, 0.22, 0, 1) ),
            ( (1, 0, 0, 0), (0, 1, 0, 0), (0, 0, 1, 0), (0, 0.1, 0, 1) ),
            ( (1, 0, 0, 0), (0, 1, 0, 0), (0, 0, 1, 0), (0.14, 0.15, 0, 1) ),
            ( (1, 0, 0, 0), (0, 1, 0, 0), (0, 0, 1, 0), (0.17, -0.25, 0, 1) ),
            ( (1, 0, 0, 0), (0, 1, 0, 0), (0, 0, 1, 0), (0.12, -0.24, 0, 1) ),
            ( (1, 0, 0, 0), (0, 1, 0, 0), (0, 0, 1, 0), (-0.14, 0.15, 0, 1) ),
            ( (1, 0, 0, 0), (0, 1, 0, 0), (0, 0, 1, 0), (-0.17, -0.25, 0, 1) ),
            ( (1, 0, 0, 0), (0, 1, 0, 0), (0, 0, 1, 0), (-0.12, -0.24, 0, 1) ),
            ( (1, 0, 0, 0), (0, 1, 0, 0), (0, 0, 1, 0), (0.1, -0.04, 0, 1) ),
            ( (1, 0, 0, 0), (0, 1, 0, 0), (0, 0, 1, 0), (0, -0.43, 0, 1) ),
            ( (1, 0, 0, 0), (0, 1, 0, 0), (0, 0, 1, 0), (0, -0.39, 0, 1) ),
            ( (1, 0, 0, 0), (0, 1, 0, 0), (0, 0, 1, 0), (-0.1, -0.04, 0, 1) ),
            ( (1, 0, 0, 0), (0, 1, 0, 0), (0, 0, 1, 0), (0, -0.43, 0, 1) ),
            ( (1, 0, 0, 0), (0, 1, 0, 0), (0, 0, 1, 0), (0, -0.39, 0, 1) )
        ]
    }

    def Scope "Geom"
    {
        def Mesh "Body" (
            prepend apiSchemas = ["SkelBindingAPI"]
        )
        {
            uniform token subdivisionScheme = "none"
            point3f[] points = [
                (0.17, 1.07, 0.1), (0.17, 0.81, 0.1), (0.17, 1.07, -0.1), (0.17, 0.81, -0.1),
                (-0.17, 1.07, -0.1), (-0.17, 0.81, -0.1), (-0.17, 1.07, 0.1), (-0.17, 0.81, 0.1),
                (0.18, 1.53, 0.11), (0.18, 1.07, 0.11), (0.18, 1.53, -0.11), (0.18, 1.07, -0.11),
                (-0.18, 1.53, -0.11), (-0.18, 1.07, -0.11), (-0.18, 1.53, 0.11), (-0.18, 1.07, 0.11),
                (0.15, 1.13, 0.095), (0.15, 0.99, 0.095), (0.15, 1.13, -0.095), (0.15, 0.99, -0.095),
                (-0.15, 1.13, -0.095), (-0.15, 0.99, -0.095), (-0.15, 1.13, 0.095), (-0.15, 0.99, 0.095),
                (0.28397, 1.1603, 0), (0.26254, 1.15937, 0), (0.26644, 1.16032, 0.01237), (0.27666, 1.16282, 0.02002),
                (0.2893, 1.16592, 0.02002), (0.29952, 1.16842, 0.01237), (0.30342, 1.16937, 0), (0.29952, 1.16842, -0.01237),
                (0.2893, 1.16592, -0.02002), (0.27666, 1.16282, -0.02002), (0.26644, 1.16032, -0.01237), (0.24237, 1.16671, 0),
                (0.24958, 1.16847, 0.02286), (0.26847, 1.17309, 0.03699), (0.29182, 1.17881, 0.03699), (0.31071, 1.18343, 0.02286),
                (0.31792, 1.18519, 0), (0.31071, 1.18343, -0.02286), (0.29182, 1.17881, -0.03699), (0.26847, 1.17309, -0.03699),
                (0.24958, 1.16847, -0.02286), (0.22655, 1.1812, 0), (0.23597, 1.18351, 0.02987), (0.26065, 1.18955, 0.04833),
                (0.29116, 1.19701, 0.04833), (0.31584, 1.20305, 0.02987), (0.32526, 1.20536, 0), (0.31584, 1.20305, -0.02987),
                (0.29116, 1.19701, -0.04833), (0.26065, 1.18955, -0.04833), (0.23597, 1.18351, -0.02987), (0.21748, 1.20065, 0),
                (0.22768, 1.20315, 0.03233), (0.25439, 1.20969, 0.05231), (0.28741, 1.21777, 0.05231), (0.31412, 1.2243, 0.03233),
                (0.32432, 1.2268, 0), (0.31412, 1.2243, -0.03233), (0.28741, 1.21777, -0.05231), (0.25439, 1.20969, -0.05231),
                (0.22768, 1.20315, -0.03233), (0.15568, 1.4532, 0), (0.16588, 1.4557, 0.03233), (0.19259, 1.46223, 0.05231),
                (0.22561, 1.47031, 0.05231), (0.25232, 1.47685, 0.03233), (0.26252, 1.47935, 0), (0.25232, 1.47685, -0.03233),
                (0.22561, 1.47031, -0.05231), (0.19259, 1.46223, -0.05231), (0.16588, 1.4557, -0.03233), (0.15474, 1.47464, 0),
                (0.16416, 1.47695, 0.02987), (0.18884, 1.48299, 0.04833), (0.21935, 1.49045, 0.04833), (0.24403, 1.49649, 0.02987),
                (0.25345, 1.4988, 0), (0.24403, 1.49649, -0.02987), (0.21935, 1.49045, -0.04833), (0.18884, 1.48299, -0.04833),
                (0.16416, 1.47695, -0.02987), (0.16208, 1.49481, 0), (0.16929, 1.49657, 0.02286), (0.18818, 1.50119, 0.03699),
                (0.21153, 1.50691, 0.03699), (0.23042, 1.51153, 0.02286), (0.23763, 1.51329, 0), (0.23042, 1.51153, -0.02286),
                (0.21153, 1.50691, -0.03699), (0.18818, 1.50119, -0.03699), (0.16929, 1.49657, -0.02286), (0.17658, 1.51063, 0),
                (0.18048, 1.51158, 0.01237), (0.1907, 1.51408, 0.02002), (0.20334, 1.51718, 0.02002), (0.21356, 1.51968, 0.01237),
                (0.21746, 1.52063, 0), (0.21356, 1.51968, -0.01237), (0.20334, 1.51718, -0.02002), (0.1907, 1.51408, -0.02002),
                (0.18048, 1.51158, -0.01237), (0.19603, 1.5197, 0), (0.40338, 0.91535, 0), (0.38465, 0.91528, 0),
                (0.38809, 0.91598, 0.0108), (0.39709, 0.9178, 0.01747), (0.40821, 0.92006, 0.01747), (0.41721, 0.92188, 0.0108),
                (0.42065, 0.92258, 0), (0.41721, 0.92188, -0.0108), (0.40821, 0.92006, -0.01747), (0.39709, 0.9178, -0.01747),
                (0.38809, 0.91598, -0.0108), (0.36732, 0.92238, 0), (0.37367, 0.92367, 0.01995), (0.3903, 0.92704, 0.03228),
                (0.41086, 0.93121, 0.03228), (0.42749, 0.93458, 0.01995), (0.43385, 0.93587, 0), (0.42749, 0.93458, -0.01995),
                (0.41086, 0.93121, -0.03228), (0.3903, 0.92704, -0.03228), (0.37367, 0.92367, -0.01995), (0.35403, 0.93558, 0),
                (0.36233, 0.93726, 0.02607), (0.38406, 0.94167, 0.04218), (0.41092, 0.94711, 0.04218), (0.43265, 0.95152, 0.02607),
                (0.44095, 0.9532, 0), (0.43265, 0.95152, -0.02607), (0.41092, 0.94711, -0.04218), (0.38406, 0.94167, -0.04218),
                (0.36233, 0.93726, -0.02607), (0.3468, 0.95286, 0), (0.35578, 0.95468, 0.02821), (0.3793, 0.95945, 0.04565),
                (0.40838, 0.96534, 0.04565), (0.4319, 0.97011, 0.02821), (0.44088, 0.97193, 0), (0.4319, 0.97011, -0.02821),
                (0.40838, 0.96534, -0.04565), (0.3793, 0.95945, -0.04565), (0.35578, 0.95468, -0.02821), (0.29912, 1.18807, 0),
                (0.3081, 1.18989, 0.02821), (0.33162, 1.19466, 0.04565), (0.3607, 1.20055, 0.04565), (0.38422, 1.20532, 0.02821),
                (0.3932, 1.20714, 0), (0.38422, 1.20532, -0.02821), (0.3607, 1.20055, -0.04565), (0.33162, 1.19466, -0.04565),
                (0.3081, 1.18989, -0.02821), (0.29905, 1.2068, 0), (0.30735, 1.20848, 0.02607), (0.32908, 1.21289, 0.04218),
                (0.35594, 1.21833, 0.04218), (0.37767, 1.22274, 0.02607), (0.38597, 1.22442, 0), (0.37767, 1.22274, -0.02607),
                (0.35594, 1.21833, -0.04218), (0.32908, 1.21289, -0.04218), (0.30735, 1.20848, -0.02607), (0.30615, 1.22413, 0),
                (0.31251, 1.22542, 0.01995), (0.32914, 1.22879, 0.03228), (0.3497, 1.23296, 0.03228), (0.36633, 1.23633, 0.01995),
                (0.37268, 1.23762, 0), (0.36633, 1.23633, -0.01995), (0.3497, 1.23296, -0.03228), (0.32914, 1.22879, -0.03228),
                (0.31251, 1.22542, -0.01995), (0.31935, 1.23742, 0), (0.32278, 1.23812, 0.0108), (0.33179, 1.23994, 0.01747),
                (0.34291, 1.2422, 0.01747), (0.35191, 1.24402, 0.0108), (0.35535, 1.24472, 0), (0.35191, 1.24402, -0.0108),
                (0.34291, 1.2422, -0.01747), (0.33179, 1.23994, -0.01747), (0.32278, 1.23812, -0.0108), (0.33662, 1.24465, 0),
                (0.495, 0.96, 0.02), (0.495, 0.8, 0.02), (0.495, 0.96, -0.02), (0.495, 0.8, -0.02),
                (0.405, 0.96, -0.02), (0.405, 0.8, -0.02), (0.405, 0.96, 0.02), (0.405, 0.8, 0.02),
                (-0.28397, 1.1603, 0), (-0.30342, 1.16937, 0), (-0.29952, 1.16842, 0.01237), (-0.2893, 1.16592, 0.02002),
                (-0.27666, 1.16282, 0.02002), (-0.26644, 1.16032, 0.01237), (-0.26254, 1.15937, 0), (-0.26644, 1.16032, -0.01237),
                (-0.27666, 1.16282, -0.02002), (-0.2893, 1.16592, -0.02002), (-0.29952, 1.16842, -0.01237), (-0.31792, 1.18519, 0),
                (-0.31071, 1.18343, 0.02286), (-0.29182, 1.17881, 0.03699), (-0.26847, 1.17309, 0.03699), (-0.24958, 1.16847, 0.02286),
                (-0.24237, 1.16671, 0), (-0.24958, 1.16847, -0.02286), (-0.26847, 1.17309, -0.03699), (-0.29182, 1.17881, -0.03699),
                (-0.31071, 1.18343, -0.02286), (-0.32526, 1.20536, 0), (-0.31584, 1.20305, 0.02987), (-0.29116, 1.19701, 0.04833),
                (-0.26065, 1.18955, 0.04833), (-0.23597, 1.18351, 0.02987), (-0.22655, 1.1812, 0), (-0.23597, 1.18351, -0.02987),
                (-0.26065, 1.18955, -0.04833), (-0.29116, 1.19701, -0.04833), (-0.31584, 1.20305, -0.02987), (-0.32432, 1.2268, 0),
                (-0.31412, 1.2243, 0.03233), (-0.28741, 1.21777, 0.05231), (-0.25439, 1.20969, 0.05231), (-0.22768, 1.20315, 0.03233),
                (-0.21748, 1.20065, 0), (-0.22768, 1.20315, -0.03233), (-0.25439, 1.20969, -0.05231), (-0.28741, 1.21777, -0.05231),
                (-0.31412, 1.2243, -0.03233), (-0.26252, 1.47935, 0), (-0.25232, 1.47685, 0.03233), (-0.22561, 1.47031, 0.05231),
                (-0.19259, 1.46223, 0.05231), (-0.16588, 1.4557, 0.03233), (-0.15568, 1.4532, 0), (-0.16588, 1.4557, -0.03233),
                (-0.19259, 1.46223, -0.05231), (-0.22561, 1.47031, -0.05231), (-0.25232, 1.47685, -0.03233), (-0.25345, 1.4988, 0),
                (-0.24403, 1.49649, 0.02987), (-0.21935, 1.49045, 0.04833), (-0.18884, 1.48299, 0.04833), (-0.16416, 1.47695, 0.02987),
                (-0.15474, 1.47464, 0), (-0.16416, 1.47695, -0.02987), (-0.18884, 1.48299, -0.04833), (-0.21935, 1.49045, -0.04833),
                (-0.24403, 1.49649, -0.02987), (-0.23763, 1.51329, 0), (-0.23042, 1.51153, 0.02286), (-0.21153, 1.50691, 0.03699),
                (-0.18818, 1.50119, 0.03699), (-0.16929, 1.49657, 0.02286), (-0.16208, 1.49481, 0), (-0.16929, 1.49657, -0.02286),
                (-0.18818, 1.50119, -0.03699), (-0.21153, 1.50691, -0.03699), (-0.23042, 1.51153, -0.02286), (-0.21746, 1.52063, 0),
                (-0.21356, 1.51968, 0.01237), (-0.20334, 1.51718, 0.02002), (-0.1907, 1.51408, 0.02002), (-0.18048, 1.51158, 0.01237),
                (-0.17658, 1.51063, 0), (-0.18048, 1.51158, -0.01237), (-0.1907, 1.51408, -0.02002), (-0.20334, 1.51718, -0.02002),
                (-0.21356, 1.51968, -0.01237), (-0.19603, 1.5197, 0), (-0.40338, 0.91535, 0), (-0.42065, 0.92258, 0),
                (-0.41721, 0.92188, 0.0108), (-0.40821, 0.92006, 0.01747), (-0.39709, 0.9178, 0.01747), (-0.38809, 0.91598, 0.0108),
                (-0.38465, 0.91528, 0), (-0.38809, 0.91598, -0.0108), (-0.39709, 0.9178, -0.01747), (-0.40821, 0.92006, -0.01747),
                (-0.41721, 0.92188, -0.0108), (-0.43385, 0.93587, 0), (-0.42749, 0.93458, 0.01995), (-0.41086, 0.93121, 0.03228),
                (-0.3903, 0.92704, 0.03228), (-0.37367, 0.92367, 0.01995), (-0.36732, 0.92238, 0), (-0.37367, 0.92367, -0.01995),
                (-0.3903, 0.92704, -0.03228), (-0.41086, 0.93121, -0.03228), (-0.42749, 0.93458, -0.01995), (-0.44095, 0.9532, 0),
                (-0.43265, 0.95152, 0.02607), (-0.41092, 0.94711, 0.04218), (-0.38406, 0.94167, 0.04218), (-0.36233, 0.93726, 0.02607),
                (-0.35403, 0.93558, 0), (-0.36233, 0.93726, -0.02607), (-0.38406, 0.94167, -0.04218), (-0.41092, 0.94711, -0.04218),
                (-0.43265, 0.95152, -0.02607), (-0.44088, 0.97193, 0), (-0.4319, 0.97011, 0.02821), (-0.40838, 0.96534, 0.04565),
                (-0.3793, 0.95945, 0.04565), (-0.35578, 0.95468, 0.02821), (-0.3468, 0.95286, 0), (-0.35578, 0.95468, -0.02821),
                (-0.3793, 0.95945, -0.04565), (-0.40838, 0.96534, -0.04565), (-0.4319, 0.97011, -0.02821), (-0.3932, 1.20714, 0),
                (-0.38422, 1.20532, 0.02821), (-0.3607, 1.20055, 0.04565), (-0.33162, 1.19466, 0.04565), (-0.3081, 1.18989, 0.02821),
                (-0.29912, 1.18807, 0), (-0.3081, 1.18989, -0.02821), (-0.33162, 1.19466, -0.04565), (-0.3607, 1.20055, -0.04565),
                (-0.38422, 1.20532, -0.02821), (-0.38597, 1.22442, 0), (-0.37767, 1.22274, 0.02607), (-0.35594, 1.21833, 0.04218),
                (-0.32908, 1.21289, 0.04218), (-0.30735, 1.20848, 0.02607), (-0.29905, 1.2068, 0), (-0.30735, 1.20848, -0.02607),
                (-0.32908, 1.21289, -0.04218), (-0.35594, 1.21833, -0.04218), (-0.37767, 1.22274, -0.02607), (-0.37268, 1.23762, 0),
                (-0.36633, 1.23633, 0.01995), (-0.3497, 1.23296, 0.03228), (-0.32914, 1.22879, 0.03228), (-0.31251, 1.22542, 0.01995),
                (-0.30615, 1.22413, 0), (-0.31251, 1.22542, -0.01995), (-0.32914, 1.22879, -0.03228), (-0.3497, 1.23296, -0.03228),
                (-0.36633, 1.23633, -0.01995), (-0.35535, 1.24472, 0), (-0.35191, 1.24402, 0.0108), (-0.34291, 1.2422, 0.01747),
                (-0.33179, 1.23994, 0.01747), (-0.32278, 1.23812, 0.0108), (-0.31935, 1.23742, 0), (-0.32278, 1.23812, -0.0108),
                (-0.33179, 1.23994, -0.01747), (-0.34291, 1.2422, -0.01747), (-0.35191, 1.24402, -0.0108), (-0.33662, 1.24465, 0),
                (-0.405, 0.96, 0.02), (-0.405, 0.8, 0.02), (-0.405, 0.96, -0.02), (-0.405, 0.8, -0.02),
                (-0.495, 0.96, -0.02), (-0.495, 0.8, -0.02), (-0.495, 0.96, 0.02), (-0.495, 0.8, 0.02),
                (0.1, 0.43, 0), (0.06939, 0.43609, 0), (0.07523, 0.43609, 0.01799), (0.09054, 0.43609, 0.02912),
                (0.10946, 0.43609, 0.02912), (0.12477, 0.43609, 0.01799), (0.13061, 0.43609, 0), (0.12477, 0.43609, -0.01799),
                (0.10946, 0.43609, -0.02912), (0.09054, 0.43609, -0.02912), (0.07523, 0.43609, -0.01799), (0.04343, 0.45343, 0),
                (0.05424, 0.45343, 0.03325), (0.08252, 0.45343, 0.0538), (0.11748, 0.45343, 0.0538), (0.14576, 0.45343, 0.03325),
                (0.15657, 0.45343, 0), (0.14576, 0.45343, -0.03325), (0.11748, 0.45343, -0.0538), (0.08252, 0.45343, -0.0538),
                (0.05424, 0.45343, -0.03325), (0.02609, 0.47939, 0), (0.04021, 0.47939, 0.04344), (0.07716, 0.47939, 0.07029),
                (0.12284, 0.47939, 0.07029), (0.15979, 0.47939, 0.04344), (0.17391, 0.47939, 0), (0.15979, 0.47939, -0.04344),
                (0.12284, 0.47939, -0.07029), (0.07716, 0.47939, -0.07029), (0.04021, 0.47939, -0.04344), (0.02, 0.51, 0),
                (0.03528, 0.51, 0.04702), (0.07528, 0.51, 0.07608), (0.12472, 0.51, 0.07608), (0.16472, 0.51, 0.04702),
                (0.18, 0.51, 0), (0.16472, 0.51, -0.04702), (0.12472, 0.51, -0.07608), (0.07528, 0.51, -0.07608),
                (0.03528, 0.51, -0.04702), (0.02, 0.85, 0), (0.03528, 0.85, 0.04702), (0.07528, 0.85, 0.07608),
                (0.12472, 0.85, 0.07608), (0.16472, 0.85, 0.04702), (0.18, 0.85, 0), (0.16472, 0.85, -0.04702),
                (0.12472, 0.85, -0.07608), (0.07528, 0.85, -0.07608), (0.03528, 0.85, -0.04702), (0.02609, 0.88061, 0),
                (0.04021, 0.88061, 0.04344), (0.07716, 0.88061, 0.07029), (0.12284, 0.88061, 0.07029), (0.15979, 0.88061, 0.04344),
                (0.17391, 0.88061, 0), (0.15979, 0.88061, -0.04344), (0.12284, 0.88061, -0.07029), (0.07716, 0.88061, -0.07029),
                (0.04021, 0.88061, -0.04344), (0.04343, 0.90657, 0), (0.05424, 0.90657, 0.03325), (0.08252, 0.90657, 0.0538),
                (0.11748, 0.90657, 0.0538), (0.14576, 0.90657, 0.03325), (0.15657, 0.90657, 0), (0.14576, 0.90657, -0.03325),
                (0.11748, 0.90657, -0.0538), (0.08252, 0.90657, -0.0538), (0.05424, 0.90657, -0.03325), (0.06939, 0.92391, 0),
                (0.07523, 0.92391, 0.01799), (0.09054, 0.92391, 0.02912), (0.10946, 0.92391, 0.02912), (0.12477, 0.92391, 0.01799),
                (0.13061, 0.92391, 0), (0.12477, 0.92391, -0.01799), (0.10946, 0.92391, -0.02912), (0.09054, 0.92391, -0.02912),
                (0.07523, 0.92391, -0.01799), (0.1, 0.93, 0), (0.1, 0.035, 0), (0.07513, 0.03995, 0),
                (0.07988, 0.03995, 0.01462), (0.09231, 0.03995, 0.02366), (0.10769, 0.03995, 0.02366), (0.12012, 0.03995, 0.01462),
                (0.12487, 0.03995, 0), (0.12012, 0.03995, -0.01462), (0.10769, 0.03995, -0.02366), (0.09231, 0.03995, -0.02366),
                (0.07988, 0.03995, -0.01462), (0.05404, 0.05404, 0), (0.06282, 0.05404, 0.02702), (0.0858, 0.05404, 0.04371),
                (0.1142, 0.05404, 0.04371), (0.13718, 0.05404, 0.02702), (0.14596, 0.05404, 0), (0.13718, 0.05404, -0.02702),
                (0.1142, 0.05404, -0.04371), (0.0858, 0.05404, -0.04371), (0.06282, 0.05404, -0.02702), (0.03995, 0.07513, 0),
                (0.05142, 0.07513, 0.0353), (0.08144, 0.07513, 0.05711), (0.11856, 0.07513, 0.05711), (0.14858, 0.07513, 0.0353),
                (0.16005, 0.07513, 0), (0.14858, 0.07513, -0.0353), (0.11856, 0.07513, -0.05711), (0.08144, 0.07513, -0.05711),
                (0.05142, 0.07513, -0.0353), (0.035, 0.1, 0), (0.04741, 0.1, 0.03821), (0.07991, 0.1, 0.06182),
                (0.12009, 0.1, 0.06182), (0.15259, 0.1, 0.03821), (0.165, 0.1, 0), (0.15259, 0.1, -0.03821),
                (0.12009, 0.1, -0.06182), (0.07991, 0.1, -0.06182), (0.04741, 0.1, -0.03821), (0.035, 0.42, 0),
                (0.04741, 0.42, 0.03821), (0.07991, 0.42, 0.06182), (0.12009, 0.42, 0.06182), (0.15259, 0.42, 0.03821),
                (0.165, 0.42, 0), (0.15259, 0.42, -0.03821), (0.12009, 0.42, -0.06182), (0.07991, 0.42, -0.06182),
                (0.04741, 0.42, -0.03821), (0.03995, 0.44487, 0), (0.05142, 0.44487, 0.0353), (0.08144, 0.44487, 0.05711),
                (0.11856, 0.44487, 0.05711), (0.14858, 0.44487, 0.0353), (0.16005, 0.44487, 0), (0.14858, 0.44487, -0.0353),
                (0.11856, 0.44487, -0.05711), (0.08144, 0.44487, -0.05711), (0.05142, 0.44487, -0.0353), (0.05404, 0.46596, 0),
                (0.06282, 0.46596, 0.02702), (0.0858, 0.46596, 0.04371), (0.1142, 0.46596, 0.04371), (0.13718, 0.46596, 0.02702),
                (0.14596, 0.46596, 0), (0.13718, 0.46596, -0.02702), (0.1142, 0.46596, -0.04371), (0.0858, 0.46596, -0.04371),
                (0.06282, 0.46596, -0.02702), (0.07513, 0.48005, 0), (0.07988, 0.48005, 0.01462), (0.09231, 0.48005, 0.02366),
                (0.10769, 0.48005, 0.02366), (0.12012, 0.48005, 0.01462), (0.12487, 0.48005, 0), (0.12012, 0.48005, -0.01462),
                (0.10769, 0.48005, -0.02366), (0.09231, 0.48005, -0.02366), (0.07988, 0.48005, -0.01462), (0.1, 0.485, 0),
                (0.15, 0.07, 0.17), (0.15, 0, 0.17), (0.15, 0.07, -0.07), (0.15, 0, -0.07),
                (0.05, 0.07, -0.07), (0.05, 0, -0.07), (0.05, 0.07, 0.17), (0.05, 0, 0.17),
                (-0.1, 0.43, 0), (-0.13061, 0.43609, 0), (-0.12477, 0.43609, 0.01799), (-0.10946, 0.43609, 0.02912),
                (-0.09054, 0.43609, 0.02912), (-0.07523, 0.43609, 0.01799), (-0.06939, 0.43609, 0), (-0.07523, 0.43609, -0.01799),
                (-0.09054, 0.43609, -0.02912), (-0.10946, 0.43609, -0.02912), (-0.12477, 0.43609, -0.01799), (-0.15657, 0.45343, 0),
                (-0.14576, 0.45343, 0.03325), (-0.11748, 0.45343, 0.0538), (-0.08252, 0.45343, 0.0538), (-0.05424, 0.45343, 0.03325),
                (-0.04343, 0.45343, 0), (-0.05424, 0.45343, -0.03325), (-0.08252, 0.45343, -0.0538), (-0.11748, 0.45343, -0.0538),
                (-0.14576, 0.45343, -0.03325), (-0.17391, 0.47939, 0), (-0.15979, 0.47939, 0.04344), (-0.12284, 0.47939, 0.07029),
                (-0.07716, 0.47939, 0.07029), (-0.04021, 0.47939, 0.04344), (-0.02609, 0.47939, 0), (-0.04021, 0.47939, -0.04344),
                (-0.07716, 0.47939, -0.07029), (-0.12284, 0.47939, -0.07029), (-0.15979, 0.47939, -0.04344), (-0.18, 0.51, 0),
                (-0.16472, 0.51, 0.04702), (-0.12472, 0.51, 0.07608), (-0.07528, 0.51, 0.07608), (-0.03528, 0.51, 0.04702),
                (-0.02, 0.51, 0), (-0.03528, 0.51, -0.04702), (-0.07528, 0.51, -0.07608), (-0.12472, 0.51, -0.07608),
                (-0.16472, 0.51, -0.04702), (-0.18, 0.85, 0), (-0.16472, 0.85, 0.04702), (-0.12472, 0.85, 0.07608),
                (-0.07528, 0.85, 0.07608), (-0.03528, 0.85, 0.04702), (-0.02, 0.85, 0), (-0.03528, 0.85, -0.04702),
                (-0.07528, 0.85, -0.07608), (-0.12472, 0.85, -0.07608), (-0.16472, 0.85, -0.04702), (-0.17391, 0.88061, 0),
                (-0.15979, 0.88061, 0.04344), (-0.12284, 0.88061, 0.07029), (-0.07716, 0.88061, 0.07029), (-0.04021, 0.88061, 0.04344),
                (-0.02609, 0.88061, 0), (-0.04021, 0.88061, -0.04344), (-0.07716, 0.88061, -0.07029), (-0.12284, 0.88061, -0.07029),
                (-0.15979, 0.88061, -0.04344), (-0.15657, 0.90657, 0), (-0.14576, 0.90657, 0.03325), (-0.11748, 0.90657, 0.0538),
                (-0.08252, 0.90657, 0.0538), (-0.05424, 0.90657, 0.03325), (-0.04343, 0.90657, 0), (-0.05424, 0.90657, -0.03325),
                (-0.08252, 0.90657, -0.0538), (-0.11748, 0.90657, -0.0538), (-0.14576, 0.90657, -0.03325), (-0.13061, 0.92391, 0),
                (-0.12477, 0.92391, 0.01799), (-0.10946, 0.92391, 0.02912), (-0.09054, 0.92391, 0.02912), (-0.07523, 0.92391, 0.01799),
                (-0.06939, 0.92391, 0), (-0.07523, 0.92391, -0.01799), (-0.09054, 0.92391, -0.02912), (-0.10946, 0.92391, -0.02912),
                (-0.12477, 0.92391, -0.01799), (-0.1, 0.93, 0), (-0.1, 0.035, 0), (-0.12487, 0.03995, 0),
                (-0.12012, 0.03995, 0.01462), (-0.10769, 0.03995, 0.02366), (-0.09231, 0.03995, 0.02366), (-0.07988, 0.03995, 0.01462),
                (-0.07513, 0.03995, 0), (-0.07988, 0.03995, -0.01462), (-0.09231, 0.03995, -0.02366), (-0.10769, 0.03995, -0.02366),
                (-0.12012, 0.03995, -0.01462), (-0.14596, 0.05404, 0), (-0.13718, 0.05404, 0.02702), (-0.1142, 0.05404, 0.04371),
                (-0.0858, 0.05404, 0.04371), (-0.06282, 0.05404, 0.02702), (-0.05404, 0.05404, 0), (-0.06282, 0.05404, -0.02702),
                (-0.0858, 0.05404, -0.04371), (-0.1142, 0.05404, -0.04371), (-0.13718, 0.05404, -0.02702), (-0.16005, 0.07513, 0),
                (-0.14858, 0.07513, 0.0353), (-0.11856, 0.07513, 0.05711), (-0.08144, 0.07513, 0.05711), (-0.05142, 0.07513, 0.0353),
                (-0.03995, 0.07513, 0), (-0.05142, 0.07513, -0.0353), (-0.08144, 0.07513, -0.05711), (-0.11856, 0.07513, -0.05711),
                (-0.14858, 0.07513, -0.0353), (-0.165, 0.1, 0), (-0.15259, 0.1, 0.03821), (-0.12009, 0.1, 0.06182),
                (-0.07991, 0.1, 0.06182), (-0.04741, 0.1, 0.03821), (-0.035, 0.1, 0), (-0.04741, 0.1, -0.03821),
                (-0.07991, 0.1, -0.06182), (-0.12009, 0.1, -0.06182), (-0.15259, 0.1, -0.03821), (-0.165, 0.42, 0),
                (-0.15259, 0.42, 0.03821), (-0.12009, 0.42, 0.06182), (-0.07991, 0.42, 0.06182), (-0.04741, 0.42, 0.03821),
                (-0.035, 0.42, 0), (-0.04741, 0.42, -0.03821), (-0.07991, 0.42, -0.06182), (-0.12009, 0.42, -0.06182),
                (-0.15259, 0.42, -0.03821), (-0.16005, 0.44487, 0), (-0.14858, 0.44487, 0.0353), (-0.11856, 0.44487, 0.05711),
                (-0.08144, 0.44487, 0.05711), (-0.05142, 0.44487, 0.0353), (-0.03995, 0.44487, 0), (-0.05142, 0.44487, -0.0353),
                (-0.08144, 0.44487, -0.05711), (-0.11856, 0.44487, -0.05711), (-0.14858, 0.44487, -0.0353), (-0.14596, 0.46596, 0),
                (-0.13718, 0.46596, 0.02702), (-0.1142, 0.46596, 0.04371), (-0.0858, 0.46596, 0.04371), (-0.06282, 0.46596, 0.02702),
                (-0.05404, 0.46596, 0), (-0.06282, 0.46596, -0.02702), (-0.0858, 0.46596, -0.04371), (-0.1142, 0.46596, -0.04371),
                (-0.13718, 0.46596, -0.02702), (-0.12487, 0.48005, 0), (-0.12012, 0.48005, 0.01462), (-0.10769, 0.48005, 0.02366),
                (-0.09231, 0.48005, 0.02366), (-0.07988, 0.48005, 0.01462), (-0.07513, 0.48005, 0), (-0.07988, 0.48005, -0.01462),
                (-0.09231, 0.48005, -0.02366), (-0.10769, 0.48005, -0.02366), (-0.12012, 0.48005, -0.01462), (-0.1, 0.485, 0),
                (-0.05, 0.07, 0.17), (-0.05, 0, 0.17), (-0.05, 0.07, -0.07), (-0.05, 0, -0.07),
                (-0.15, 0.07, -0.07), (-0.15, 0, -0.07), (-0.15, 0.07, 0.17), (-0.15, 0, 0.17)
            ]
            int[] faceVertexCounts = [
                3, 3, 3, 3, 3, 3, 3, 3, 3, 3, 3, 3, 3, 3, 3, 3, 3, 3, 3, 3, 3, 3, 3, 3,
                3, 3, 3, 3, 3, 3, 3, 3, 3, 3, 3, 3, 3, 3, 3, 3, 3, 3, 3, 3, 3, 3, 3, 3,
                3, 3, 3, 3, 3, 3, 3, 3, 3, 3, 3, 3, 3, 3, 3, 3, 3, 3, 3, 3, 3, 3, 3, 3,
                3, 3, 3, 3, 3, 3, 3, 3, 3, 3, 3, 3, 3, 3, 3, 3, 3, 3, 3, 3, 3, 3, 3, 3,
                3, 3, 3, 3, 3, 3, 3, 3, 3, 3, 3, 3, 3, 3, 3, 3, 3, 3, 3, 3, 3, 3, 3, 3,
                3, 3, 3, 3, 3, 3, 3, 3, 3, 3, 3, 3, 3, 3, 3, 3, 3, 3, 3, 3, 3, 3, 3, 3,
                3, 3, 3, 3, 3, 3, 3, 3, 3, 3, 3, 3, 3, 3, 3, 3, 3, 3, 3, 3, 3, 3, 3, 3,
                3, 3, 3, 3, 3, 3, 3, 3, 3, 3, 3, 3, 3, 3, 3, 3, 3, 3, 3, 3, 3, 3, 3, 3,
                3, 3, 3, 3, 3, 3, 3, 3, 3, 3, 3, 3, 3, 3, 3, 3, 3, 3, 3, 3, 3, 3, 3, 3,
                3, 3, 3, 3, 3, 3, 3, 3, 3, 3, 3, 3, 3, 3, 3, 3, 3, 3, 3, 3, 3, 3, 3, 3,
                3, 3, 3, 3, 3, 3, 3, 3, 3, 3, 3, 3, 3, 3, 3, 3, 3, 3, 3, 3, 3, 3, 3, 3,
                3, 3, 3, 3, 3, 3, 3, 3, 3, 3, 3, 3, 3, 3, 3, 3, 3, 3, 3, 3, 3, 3, 3, 3,
                3, 3, 3, 3, 3, 3, 3, 3, 3, 3, 3, 3, 3, 3, 3, 3, 3, 3, 3, 3, 3, 3, 3, 3,
                3, 3, 3, 3, 3, 3, 3, 3, 3, 3, 3, 3, 3, 3, 3, 3, 3, 3, 3, 3, 3, 3, 3, 3,
                3, 3, 3, 3, 3, 3, 3, 3, 3, 3, 3, 3, 3, 3, 3, 3, 3, 3, 3, 3, 3, 3, 3, 3,
                3, 3, 3, 3, 3, 3, 3, 3, 3, 3, 3, 3, 3, 3, 3, 3, 3, 3, 3, 3, 3, 3, 3, 3,
                3, 3, 3, 3, 3, 3, 3, 3, 3, 3, 3, 3, 3, 3, 3, 3, 3, 3, 3, 3, 3, 3, 3, 3,
                3, 3, 3, 3, 3, 3, 3, 3, 3, 3, 3, 3, 3, 3, 3, 3, 3, 3, 3, 3, 3, 3, 3, 3,
                3, 3, 3, 3, 3, 3, 3, 3, 3, 3, 3, 3, 3, 3, 3, 3, 3, 3, 3, 3, 3, 3, 3, 3,
                3, 3, 3, 3, 3, 3, 3, 3, 3, 3, 3, 3, 3, 3, 3, 3, 3, 3, 3, 3, 3, 3, 3, 3,
                3, 3, 3, 3, 3, 3, 3, 3, 3, 3, 3, 3, 3, 3, 3, 3, 3, 3, 3, 3, 3, 3, 3, 3,
                3, 3, 3, 3, 3, 3, 3, 3, 3, 3, 3, 3, 3, 3, 3, 3, 3, 3, 3, 3, 3, 3, 3, 3,
                3, 3, 3, 3, 3, 3, 3, 3, 3, 3, 3, 3, 3, 3, 3, 3, 3, 3, 3, 3, 3, 3, 3, 3,
                3, 3, 3, 3, 3, 3, 3, 3, 3, 3, 3, 3, 3, 3, 3, 3, 3, 3, 3, 3, 3, 3, 3, 3,
                3, 3, 3, 3, 3, 3, 3, 3, 3, 3, 3, 3, 3, 3, 3, 3, 3, 3, 3, 3, 3, 3, 3, 3,
                3, 3, 3, 3, 3, 3, 3, 3, 3, 3, 3, 3, 3, 3, 3, 3, 3, 3, 3, 3, 3, 3, 3, 3,
                3, 3, 3, 3, 3, 3, 3, 3, 3, 3, 3, 3, 3, 3, 3, 3, 3, 3, 3, 3, 3, 3, 3, 3,
                3, 3, 3, 3, 3, 3, 3, 3, 3, 3, 3, 3, 3, 3, 3, 3, 3, 3, 3, 3, 3, 3, 3, 3,
                3, 3, 3, 3, 3, 3, 3, 3, 3, 3, 3, 3, 3, 3, 3, 3, 3, 3, 3, 3, 3, 3, 3, 3,
                3, 3, 3, 3, 3, 3, 3, 3, 3, 3, 3, 3, 3, 3, 3, 3, 3, 3, 3, 3, 3, 3, 3, 3,
                3, 3, 3, 3, 3, 3, 3, 3, 3, 3, 3, 3, 3, 3, 3, 3, 3, 3, 3, 3, 3, 3, 3, 3,
                3, 3, 3, 3, 3, 3, 3, 3, 3, 3, 3, 3, 3, 3, 3, 3, 3, 3, 3, 3, 3, 3, 3, 3,
                3, 3, 3, 3, 3, 3, 3, 3, 3, 3, 3, 3, 3, 3, 3, 3, 3, 3, 3, 3, 3, 3, 3, 3,
                3, 3, 3, 3, 3, 3, 3, 3, 3, 3, 3, 3, 3, 3, 3, 3, 3, 3, 3, 3, 3, 3, 3, 3,
                3, 3, 3, 3, 3, 3, 3, 3, 3, 3, 3, 3, 3, 3, 3, 3, 3, 3, 3, 3, 3, 3, 3, 3,
                3, 3, 3, 3, 3, 3, 3, 3, 3, 3, 3, 3, 3, 3, 3, 3, 3, 3, 3, 3, 3, 3, 3, 3,
                3, 3, 3, 3, 3, 3, 3, 3, 3, 3, 3, 3, 3, 3, 3, 3, 3, 3, 3, 3, 3, 3, 3, 3,
                3, 3, 3, 3, 3, 3, 3, 3, 3, 3, 3, 3, 3, 3, 3, 3, 3, 3, 3, 3, 3, 3, 3, 3,
                3, 3, 3, 3, 3, 3, 3, 3, 3, 3, 3, 3, 3, 3, 3, 3, 3, 3, 3, 3, 3, 3, 3, 3,
                3, 3, 3, 3, 3, 3, 3, 3, 3, 3, 3, 3, 3, 3, 3, 3, 3, 3, 3, 3, 3, 3, 3, 3,
                3, 3, 3, 3, 3, 3, 3, 3, 3, 3, 3, 3, 3, 3, 3, 3, 3, 3, 3, 3, 3, 3, 3, 3,
                3, 3, 3, 3, 3, 3, 3, 3, 3, 3, 3, 3, 3, 3, 3, 3, 3, 3, 3, 3, 3, 3, 3, 3,
                3, 3, 3, 3, 3, 3, 3, 3, 3, 3, 3, 3, 3, 3, 3, 3, 3, 3, 3, 3, 3, 3, 3, 3,
                3, 3, 3, 3, 3, 3, 3, 3, 3, 3, 3, 3, 3, 3, 3, 3, 3, 3, 3, 3, 3, 3, 3, 3,
                3, 3, 3, 3, 3, 3, 3, 3, 3, 3, 3, 3, 3, 3, 3, 3, 3, 3, 3, 3, 3, 3, 3, 3,
                3, 3, 3, 3, 3, 3, 3, 3, 3, 3, 3, 3, 3, 3, 3, 3, 3, 3, 3, 3, 3, 3, 3, 3,
                3, 3, 3, 3, 3, 3, 3, 3, 3, 3, 3, 3, 3, 3, 3, 3, 3, 3, 3, 3, 3, 3, 3, 3,
                3, 3, 3, 3, 3, 3, 3, 3, 3, 3, 3, 3, 3, 3, 3, 3, 3, 3, 3, 3, 3, 3, 3, 3,
                3, 3, 3, 3, 3, 3, 3, 3, 3, 3, 3, 3, 3, 3, 3, 3, 3, 3, 3, 3, 3, 3, 3, 3,
                3, 3, 3, 3, 3, 3, 3, 3, 3, 3, 3, 3, 3, 3, 3, 3, 3, 3, 3, 3, 3, 3, 3, 3,
                3, 3, 3, 3, 3, 3, 3, 3, 3, 3, 3, 3, 3, 3, 3, 3, 3, 3, 3, 3, 3, 3, 3, 3,
                3, 3, 3, 3, 3, 3, 3, 3, 3, 3, 3, 3, 3, 3, 3, 3, 3, 3, 3, 3, 3, 3, 3, 3,
                3, 3, 3, 3, 3, 3, 3, 3, 3, 3, 3, 3, 3, 3, 3, 3, 3, 3, 3, 3, 3, 3, 3, 3,
                3, 3, 3, 3, 3, 3, 3, 3, 3, 3, 3, 3, 3, 3, 3, 3, 3, 3, 3, 3, 3, 3, 3, 3,
                3, 3, 3, 3, 3, 3, 3, 3, 3, 3, 3, 3, 3, 3, 3, 3, 3, 3, 3, 3, 3, 3, 3, 3,
                3, 3, 3, 3, 3, 3, 3, 3, 3, 3, 3, 3, 3, 3, 3, 3, 3, 3, 3, 3, 3, 3, 3, 3,
                3, 3, 3, 3, 3, 3, 3, 3, 3, 3, 3, 3, 3, 3, 3, 3, 3, 3, 3, 3
            ]
            int[] faceVertexIndices = [
                0, 1, 2, 1, 3, 2, 4, 5, 6, 5, 7, 6, 4, 6, 2, 6, 0, 2,
                7, 5, 1, 5, 3, 1, 6, 7, 0, 7, 1, 0, 2, 3, 4, 3, 5, 4,
                8, 9, 10, 9, 11, 10, 12, 13, 14, 13, 15, 14, 12, 14, 10, 14, 8, 10,
                15, 13, 9, 13, 11, 9, 14, 15, 8, 15, 9, 8, 10, 11, 12, 11, 13, 12,
                16, 17, 18, 17, 19, 18, 20, 21, 22, 21, 23, 22, 20, 22, 18, 22, 16, 18,
                23, 21, 17, 21, 19, 17, 22, 23, 16, 23, 17, 16, 18, 19, 20, 19, 21, 20,
                24, 26, 25, 24, 27, 26, 24, 28, 27, 24, 29, 28, 24, 30, 29, 24, 31, 30,
                24, 32, 31, 24, 33, 32, 24, 34, 33, 24, 25, 34, 25, 26, 35, 26, 36, 35,
                26, 27, 36, 27, 37, 36, 27, 28, 37, 28, 38, 37, 28, 29, 38, 29, 39, 38,
                29, 30, 39, 30, 40, 39, 30, 31, 40, 31, 41, 40, 31, 32, 41, 32, 42, 41,
                32, 33, 42, 33, 43, 42, 33, 34, 43, 34, 44, 43, 34, 25, 44, 25, 35, 44,
                35, 36, 45, 36, 46, 45, 36, 37, 46, 37, 47, 46, 37, 38, 47, 38, 48, 47,
                38, 39, 48, 39, 49, 48, 39, 40, 49, 40, 50, 49, 40, 41, 50, 41, 51, 50,
                41, 42, 51, 42, 52, 51, 42, 43, 52, 43, 53, 52, 43, 44, 53, 44, 54, 53,
                44, 35, 54, 35, 45, 54, 45, 46, 55, 46, 56, 55, 46, 47, 56, 47, 57, 56,
                47, 48, 57, 48, 58, 57, 48, 49, 58, 49, 59, 58, 49, 50, 59, 50, 60, 59,
                50, 51, 60, 51, 61, 60, 51, 52, 61, 52, 62, 61, 52, 53, 62, 53, 63, 62,
                53, 54, 63, 54, 64, 63, 54, 45, 64, 45, 55, 64, 55, 56, 65, 56, 66, 65,
                56, 57, 66, 57, 67, 66, 57, 58, 67, 58, 68, 67, 58, 59, 68, 59, 69, 68,
                59, 60, 69, 60, 70, 69, 60, 61, 70, 61, 71, 70, 61, 62, 71, 62, 72, 71,
                62, 63, 72, 63, 73, 72, 63, 64, 73, 64, 74, 73, 64, 55, 74, 55, 65, 74,
                65, 66, 75, 66, 76, 75, 66, 67, 76, 67, 77, 76, 67, 68, 77, 68, 78, 77,
                68, 69, 78, 69, 79, 78, 69, 70, 79, 70, 80, 79, 70, 71, 80, 71, 81, 80,
                71, 72, 81, 72, 82, 81, 72, 73, 82, 73, 83, 82, 73, 74, 83, 74, 84, 83,
                74, 65, 84, 65, 75, 84, 75, 76, 85, 76, 86, 85, 76, 77, 86, 77, 87, 86,
                77, 78, 87, 78, 88, 87, 78, 79, 88, 79, 89, 88, 79, 80, 89, 80, 90, 89,
                80, 81, 90, 81, 91, 90, 81, 82, 91, 82, 92, 91, 82, 83, 92, 83, 93, 92,
                83, 84, 93, 84, 94, 93, 84, 75, 94, 75, 85, 94, 85, 86, 95, 86, 96, 95,
                86, 87, 96, 87, 97, 96, 87, 88, 97, 88, 98, 97, 88, 89, 98, 89, 99, 98,
                89, 90, 99, 90, 100, 99, 90, 91, 100, 91, 101, 100, 91, 92, 101, 92, 102, 101,
                92, 93, 102, 93, 103, 102, 93, 94, 103, 94, 104, 103, 94, 85, 104, 85, 95, 104,
                95, 96, 105, 96, 97, 105, 97, 98, 105, 98, 99, 105, 99, 100, 105, 100, 101, 105,
                101, 102, 105, 102, 103, 105, 103, 104, 105, 104, 95, 105, 106, 108, 107, 106, 109, 108,
                106, 110, 109, 106, 111, 110, 106, 112, 111, 106, 113, 112, 106, 114, 113, 106, 115, 114,
                106, 116, 115, 106, 107, 116, 107, 108, 117, 108, 118, 117, 108, 109, 118, 109, 119, 118,
                109, 110, 119, 110, 120, 119, 110, 111, 120, 111, 121, 120, 111, 112, 121, 112, 122, 121,
                112, 113, 122, 113, 123, 122, 113, 114, 123, 114, 124, 123, 114, 115, 124, 115, 125, 124,
                115, 116, 125, 116, 126, 125, 116, 107, 126, 107, 117, 126, 117, 118, 127, 118, 128, 127,
                118, 119, 128, 119, 129, 128, 119, 120, 129, 120, 130, 129, 120, 121, 130, 121, 131, 130,
                121, 122, 131, 122, 132, 131, 122, 123, 132, 123, 133, 132, 123, 124, 133, 124, 134, 133,
                124, 125, 134, 125, 135, 134, 125, 126, 135, 126, 136, 135, 126, 117, 136, 117, 127, 136,
                127, 128, 137, 128, 138, 137, 128, 129, 138, 129, 139, 138, 129, 130, 139, 130, 140, 139,
                130, 131, 140, 131, 141, 140, 131, 132, 141, 132, 142, 141, 132, 133, 142, 133, 143, 142,
                133, 134, 143, 134, 144, 143, 134, 135, 144, 135, 145, 144, 135, 136, 145, 136, 146, 145,
                136, 127, 146, 127, 137, 146, 137, 138, 147, 138, 148, 147, 138, 139, 148, 139, 149, 148,
                139, 140, 149, 140, 150, 149, 140, 141, 150, 141, 151, 150, 141, 142, 151, 142, 152, 151,
                142, 143, 152, 143, 153, 152, 143, 144, 153, 144, 154, 153, 144, 145, 154, 145, 155, 154,
                145, 146, 155, 146, 156, 155, 146, 137, 156, 137, 147, 156, 147, 148, 157, 148, 158, 157,
                148, 149, 158, 149, 159, 158, 149, 150, 159, 150, 160, 159, 150, 151, 160, 151, 161, 160,
                151, 152, 161, 152, 162, 161, 152, 153, 162, 153, 163, 162, 153, 154, 163, 154, 164, 163,
                154, 155, 164, 155, 165, 164, 155, 156, 165, 156, 166, 165, 156, 147, 166, 147, 157, 166,
                157, 158, 167, 158, 168, 167, 158, 159, 168, 159, 169, 168, 159, 160, 169, 160, 170, 169,
                160, 161, 170, 161, 171, 170, 161, 162, 171, 162, 172, 171, 162, 163, 172, 163, 173, 172,
                163, 164, 173, 164, 174, 173, 164, 165, 174, 165, 175, 174, 165, 166, 175, 166, 176, 175,
                166, 157, 176, 157, 167, 176, 167, 168, 177, 168, 178, 177, 168, 169, 178, 169, 179, 178,
                169, 170, 179, 170, 180, 179, 170, 171, 180, 171, 181, 180, 171, 172, 181, 172, 182, 181,
                172, 173, 182, 173, 183, 182, 173, 174, 183, 174, 184, 183, 174, 175, 184, 175, 185, 184,
                175, 176, 185, 176, 186, 185, 176, 167, 186, 167, 177, 186, 177, 178, 187, 178, 179, 187,
                179, 180, 187, 180, 181, 187, 181, 182, 187, 182, 183, 187, 183, 184, 187, 184, 185, 187,
                185, 186, 187, 186, 177, 187, 188, 189, 190, 189, 191, 190, 192, 193, 194, 193, 195, 194,
                192, 194, 190, 194, 188, 190, 195, 193, 189, 193, 191, 189, 194, 195, 188, 195, 189, 188,
                190, 191, 192, 191, 193, 192, 196, 198, 197, 196, 199, 198, 196, 200, 199, 196, 201, 200,
                196, 202, 201, 196, 203, 202, 196, 204, 203, 196, 205, 204, 196, 206, 205, 196, 197, 206,
                197, 198, 207, 198, 208, 207, 198, 199, 208, 199, 209, 208, 199, 200, 209, 200, 210, 209,
                200, 201, 210, 201, 211, 210, 201, 202, 211, 202, 212, 211, 202, 203, 212, 203, 213, 212,
                203, 204, 213, 204, 214, 213, 204, 205, 214, 205, 215, 214, 205, 206, 215, 206, 216, 215,
                206, 197, 216, 197, 207, 216, 207, 208, 217, 208, 218, 217, 208, 209, 218, 209, 219, 218,
                209, 210, 219, 210, 220, 219, 210, 211, 220, 211, 221, 220, 211, 212, 221, 212, 222, 221,
                212, 213, 222, 213, 223, 222, 213, 214, 223, 214, 224, 223, 214, 215, 224, 215, 225, 224,
                215, 216, 225, 216, 226, 225, 216, 207, 226, 207, 217, 226, 217, 218, 227, 218, 228, 227,
                218, 219, 228, 219, 229, 228, 219, 220, 229, 220, 230, 229, 220, 221, 230, 221, 231, 230,
                221, 222, 231, 222, 232, 231, 222, 223, 232, 223, 233, 232, 223, 224, 233, 224, 234, 233,
                224, 225, 234, 225, 235, 234, 225, 226, 235, 226, 236, 235, 226, 217, 236, 217, 227, 236,
                227, 228, 237, 228, 238, 237, 228, 229, 238, 229, 239, 238, 229, 230, 239, 230, 240, 239,
                230, 231, 240, 231, 241, 240, 231, 232, 241, 232, 242, 241, 232, 233, 242, 233, 243, 242,
                233, 234, 243, 234, 244, 243, 234, 235, 244, 235, 245, 244, 235, 236, 245, 236, 246, 245,
                236, 227, 246, 227, 237, 246, 237, 238, 247, 238, 248, 247, 238, 239, 248, 239, 249, 248,
                239, 240, 249, 240, 250, 249, 240, 241, 250, 241, 251, 250, 241, 242, 251, 242, 252, 251,
                242, 243, 252, 243, 253, 252, 243, 244, 253, 244, 254, 253, 244, 245, 254, 245, 255, 254,
                245, 246, 255, 246, 256, 255, 246, 237, 256, 237, 247, 256, 247, 248, 257, 248, 258, 257,
                248, 249, 258, 249, 259, 258, 249, 250, 259, 250, 260, 259, 250, 251, 260, 251, 261, 260,
                251, 252, 261, 252, 262, 261, 252, 253, 262, 253, 263, 262, 253, 254, 263, 254, 264, 263,
                254, 255, 264, 255, 265, 264, 255, 256, 265, 256, 266, 265, 256, 247, 266, 247, 257, 266,
                257, 258, 267, 258, 268, 267, 258, 259, 268, 259, 269, 268, 259, 260, 269, 260, 270, 269,
                260, 261, 270, 261, 271, 270, 261, 262, 271, 262, 272, 271, 262, 263, 272, 263, 273, 272,
                263, 264, 273, 264, 274, 273, 264, 265, 274, 265, 275, 274, 265, 266, 275, 266, 276, 275,
                266, 257, 276, 257, 267, 276, 267, 268, 277, 268, 269, 277, 269, 270, 277, 270, 271, 277,
                271, 272, 277, 272, 273, 277, 273, 274, 277, 274, 275, 277, 275, 276, 277, 276, 267, 277,
                278, 280, 279, 278, 281, 280, 278, 282, 281, 278, 283, 282, 278, 284, 283, 278, 285, 284,
                278, 286, 285, 278, 287, 286, 278, 288, 287, 278, 279, 288, 279, 280, 289, 280, 290, 289,
                280, 281, 290, 281, 291, 290, 281, 282, 291, 282, 292, 291, 282, 283, 292, 283, 293, 292,
                283, 284, 293, 284, 294, 293, 284, 285, 294, 285, 295, 294, 285, 286, 295, 286, 296, 295,
                286, 287, 296, 287, 297, 296, 287, 288, 297, 288, 298, 297, 288, 279, 298, 279, 289, 298,
                289, 290, 299, 290, 300, 299, 290, 291, 300, 291, 301, 300, 291, 292, 301, 292, 302, 301,
                292, 293, 302, 293, 303, 302, 293, 294, 303, 294, 304, 303, 294, 295, 304, 295, 305, 304,
                295, 296, 305, 296, 306, 305, 296, 297, 306, 297, 307, 306, 297, 298, 307, 298, 308, 307,
                298, 289, 308, 289, 299, 308, 299, 300, 309, 300, 310, 309, 300, 301, 310, 301, 311, 310,
                301, 302, 311, 302, 312, 311, 302, 303, 312, 303, 313, 312, 303, 304, 313, 304, 314, 313,
                304, 305, 314, 305, 315, 314, 305, 306, 315, 306, 316, 315, 306, 307, 316, 307, 317, 316,
                307, 308, 317, 308, 318, 317, 308, 299, 318, 299, 309, 318, 309, 310, 319, 310, 320, 319,
                310, 311, 320, 311, 321, 320, 311, 312, 321, 312, 322, 321, 312, 313, 322, 313, 323, 322,
                313, 314, 323, 314, 324, 323, 314, 315, 324, 315, 325, 324, 315, 316, 325, 316, 326, 325,
                316, 317, 326, 317, 327, 326, 317, 318, 327, 318, 328, 327, 318, 309, 328, 309, 319, 328,
                319, 320, 329, 320, 330, 329, 320, 321, 330, 321, 331, 330, 321, 322, 331, 322, 332, 331,
                322, 323, 332, 323, 333, 332, 323, 324, 333, 324, 334, 333, 324, 325, 334, 325, 335, 334,
                325, 326, 335, 326, 336, 335, 326, 327, 336, 327, 337, 336, 327, 328, 337, 328, 338, 337,
                328, 319, 338, 319, 329, 338, 329, 330, 339, 330, 340, 339, 330, 331, 340, 331, 341, 340,
                331, 332, 341, 332, 342, 341, 332, 333, 342, 333, 343, 342, 333, 334, 343, 334, 344, 343,
                334, 335, 344, 335, 345, 344, 335, 336, 345, 336, 346, 345, 336, 337, 346, 337, 347, 346,
                337, 338, 347, 338, 348, 347, 338, 329, 348, 329, 339, 348, 339, 340, 349, 340, 350, 349,
                340, 341, 350, 341, 351, 350, 341, 342, 351, 342, 352, 351, 342, 343, 352, 343, 353, 352,
                343, 344, 353, 344, 354, 353, 344, 345, 354, 345, 355, 354, 345, 346, 355, 346, 356, 355,
                346, 347, 356, 347, 357, 356, 347, 348, 357, 348, 358, 357, 348, 339, 358, 339, 349, 358,
                349, 350, 359, 350, 351, 359, 351, 352, 359, 352, 353, 359, 353, 354, 359, 354, 355, 359,
                355, 356, 359, 356, 357, 359, 357, 358, 359, 358, 349, 359, 360, 361, 362, 361, 363, 362,
                364, 365, 366, 365, 367, 366, 364, 366, 362, 366, 360, 362, 367, 365, 361, 365, 363, 361,
                366, 367, 360, 367, 361, 360, 362, 363, 364, 363, 365, 364, 368, 370, 369, 368, 371, 370,
                368, 372, 371, 368, 373, 372, 368, 374, 373, 368, 375, 374, 368, 376, 375, 368, 377, 376,
                368, 378, 377, 368, 369, 378, 369, 370, 379, 370, 380, 379, 370, 371, 380, 371, 381, 380,
                371, 372, 381, 372, 382, 381, 372, 373, 382, 373, 383, 382, 373, 374, 383, 374, 384, 383,
                374, 375, 384, 375, 385, 384, 375, 376, 385, 376, 386, 385, 376, 377, 386, 377, 387, 386,
                377, 378, 387, 378, 388, 387, 378, 369, 388, 369, 379, 388, 379, 380, 389, 380, 390, 389,
                380, 381, 390, 381, 391, 390, 381, 382, 391, 382, 392, 391, 382, 383, 392, 383, 393, 392,
                383, 384, 393, 384, 394, 393, 384, 385, 394, 385, 395, 394, 385, 386, 395, 386, 396, 395,
                386, 387, 396, 387, 397, 396, 387, 388, 397, 388, 398, 397, 388, 379, 398, 379, 389, 398,
                389, 390, 399, 390, 400, 399, 390, 391, 400, 391, 401, 400, 391, 392, 401, 392, 402, 401,
                392, 393, 402, 393, 403, 402, 393, 394, 403, 394, 404, 403, 394, 395, 404, 395, 405, 404,
                395, 396, 405, 396, 406, 405, 396, 397, 406, 397, 407, 406, 397, 398, 407, 398, 408, 407,
                398, 389, 408, 389, 399, 408, 399, 400, 409, 400, 410, 409, 400, 401, 410, 401, 411, 410,
                401, 402, 411, 402, 412, 411, 402, 403, 412, 403, 413, 412, 403, 404, 413, 404, 414, 413,
                404, 405, 414, 405, 415, 414, 405, 406, 415, 406, 416, 415, 406, 407, 416, 407, 417, 416,
                407, 408, 417, 408, 418, 417, 408, 399, 418, 399, 409, 418, 409, 410, 419, 410, 420, 419,
                410, 411, 420, 411, 421, 420, 411, 412, 421, 412, 422, 421, 412, 413, 422, 413, 423, 422,
                413, 414, 423, 414, 424, 423, 414, 415, 424, 415, 425, 424, 415, 416, 425, 416, 426, 425,
                416, 417, 426, 417, 427, 426, 417, 418, 427, 418, 428, 427, 418, 409, 428, 409, 419, 428,
                419, 420, 429, 420, 430, 429, 420, 421, 430, 421, 431, 430, 421, 422, 431, 422, 432, 431,
                422, 423, 432, 423, 433, 432, 423, 424, 433, 424, 434, 433, 424, 425, 434, 425, 435, 434,
                425, 426, 435, 426, 436, 435, 426, 427, 436, 427, 437, 436, 427, 428, 437, 428, 438, 437,
                428, 419, 438, 419, 429, 438, 429, 430, 439, 430, 440, 439, 430, 431, 440, 431, 441, 440,
                431, 432, 441, 432, 442, 441, 432, 433, 442, 433, 443, 442, 433, 434, 443, 434, 444, 443,
                434, 435, 444, 435, 445, 444, 435, 436, 445, 436, 446, 445, 436, 437, 446, 437, 447, 446,
                437, 438, 447, 438, 448, 447, 438, 429, 448, 429, 439, 448, 439, 440, 449, 440, 441, 449,
                441, 442, 449, 442, 443, 449, 443, 444, 449, 444, 445, 449, 445, 446, 449, 446, 447, 449,
                447, 448, 449, 448, 439, 449, 450, 452, 451, 450, 453, 452, 450, 454, 453, 450, 455, 454,
                450, 456, 455, 450, 457, 456, 450, 458, 457, 450, 459, 458, 450, 460, 459, 450, 451, 460,
                451, 452, 461, 452, 462, 461, 452, 453, 462, 453, 463, 462, 453, 454, 463, 454, 464, 463,
                454, 455, 464, 455, 465, 464, 455, 456, 465, 456, 466, 465, 456, 457, 466, 457, 467, 466,
                457, 458, 467, 458, 468, 467, 458, 459, 468, 459, 469, 468, 459, 460, 469, 460, 470, 469,
                460, 451, 470, 451, 461, 470, 461, 462, 471, 462, 472, 471, 462, 463, 472, 463, 473, 472,
                463, 464, 473, 464, 474, 473, 464, 465, 474, 465, 475, 474, 465, 466, 475, 466, 476, 475,
                466, 467, 476, 467, 477, 476, 467, 468, 477, 468, 478, 477, 468, 469, 478, 469, 479, 478,
                469, 470, 479, 470, 480, 479, 470, 461, 480, 461, 471, 480, 471, 472, 481, 472, 482, 481,
                472, 473, 482, 473, 483, 482, 473, 474, 483, 474, 484, 483, 474, 475, 484, 475, 485, 484,
                475, 476, 485, 476, 486, 485, 476, 477, 486, 477, 487, 486, 477, 478, 487, 478, 488, 487,
                478, 479, 488, 479, 489, 488, 479, 480, 489, 480, 490, 489, 480, 471, 490, 471, 481, 490,
                481, 482, 491, 482, 492, 491, 482, 483, 492, 483, 493, 492, 483, 484, 493, 484, 494, 493,
                484, 485, 494, 485, 495, 494, 485, 486, 495, 486, 496, 495, 486, 487, 496, 487, 497, 496,
                487, 488, 497, 488, 498, 497, 488, 489, 498, 489, 499, 498, 489, 490, 499, 490, 500, 499,
                490, 481, 500, 481, 491, 500, 491, 492, 501, 492, 502, 501, 492, 493, 502, 493, 503, 502,
                493, 494, 503, 494, 504, 503, 494, 495, 504, 495, 505, 504, 495, 496, 505, 496, 506, 505,
                496, 497, 506, 497, 507, 506, 497, 498, 507, 498, 508, 507, 498, 499, 508, 499, 509, 508,
                499, 500, 509, 500, 510, 509, 500, 491, 510, 491, 501, 510, 501, 502, 511, 502, 512, 511,
                502, 503, 512, 503, 513, 512, 503, 504, 513, 504, 514, 513, 504, 505, 514, 505, 515, 514,
                505, 506, 515, 506, 516, 515, 506, 507, 516, 507, 517, 516, 507, 508, 517, 508, 518, 517,
                508, 509, 518, 509, 519, 518, 509, 510, 519, 510, 520, 519, 510, 501, 520, 501, 511, 520,
                511, 512, 521, 512, 522, 521, 512, 513, 522, 513, 523, 522, 513, 514, 523, 514, 524, 523,
                514, 515, 524, 515, 525, 524, 515, 516, 525, 516, 526, 525, 516, 517, 526, 517, 527, 526,
                517, 518, 527, 518, 528, 527, 518, 519, 528, 519, 529, 528, 519, 520, 529, 520, 530, 529,
                520, 511, 530, 511, 521, 530, 521, 522, 531, 522, 523, 531, 523, 524, 531, 524, 525, 531,
                525, 526, 531, 526, 527, 531, 527, 528, 531, 528, 529, 531, 529, 530, 531, 530, 521, 531,
                532, 533, 534, 533, 535, 534, 536, 537, 538, 537, 539, 538, 536, 538, 534, 538, 532, 534,
                539, 537, 533, 537, 535, 533, 538, 539, 532, 539, 533, 532, 534, 535, 536, 535, 537, 536,
                540, 542, 541, 540, 543, 542, 540, 544, 543, 540, 545, 544, 540, 546, 545, 540, 547, 546,
                540, 548, 547, 540, 549, 548, 540, 550, 549, 540, 541, 550, 541, 542, 551, 542, 552, 551,
                542, 543, 552, 543, 553, 552, 543, 544, 553, 544, 554, 553, 544, 545, 554, 545, 555, 554,
                545, 546, 555, 546, 556, 555, 546, 547, 556, 547, 557, 556, 547, 548, 557, 548, 558, 557,
                548, 549, 558, 549, 559, 558, 549, 550, 559, 550, 560, 559, 550, 541, 560, 541, 551, 560,
                551, 552, 561, 552, 562, 561, 552, 553, 562, 553, 563, 562, 553, 554, 563, 554, 564, 563,
                554, 555, 564, 555, 565, 564, 555, 556, 565, 556, 566, 565, 556, 557, 566, 557, 567, 566,
                557, 558, 567, 558, 568, 567, 558, 559, 568, 559, 569, 568, 559, 560, 569, 560, 570, 569,
                560, 551, 570, 551, 561, 570, 561, 562, 571, 562, 572, 571, 562, 563, 572, 563, 573, 572,
                563, 564, 573, 564, 574, 573, 564, 565, 574, 565, 575, 574, 565, 566, 575, 566, 576, 575,
                566, 567, 576, 567, 577, 576, 567, 568, 577, 568, 578, 577, 568, 569, 578, 569, 579, 578,
                569, 570, 579, 570, 580, 579, 570, 561, 580, 561, 571, 580, 571, 572, 581, 572, 582, 581,
                572, 573, 582, 573, 583, 582, 573, 574, 583, 574, 584, 583, 574, 575, 584, 575, 585, 584,
                575, 576, 585, 576, 586, 585, 576, 577, 586, 577, 587, 586, 577, 578, 587, 578, 588, 587,
                578, 579, 588, 579, 589, 588, 579, 580, 589, 580, 590, 589, 580, 571, 590, 571, 581, 590,
                581, 582, 591, 582, 592, 591, 582, 583, 592, 583, 593, 592, 583, 584, 593, 584, 594, 593,
                584, 585, 594, 585, 595, 594, 585, 586, 595, 586, 596, 595, 586, 587, 596, 587, 597, 596,
                587, 588, 597, 588, 598, 597, 588, 589, 598, 589, 599, 598, 589, 590, 599, 590, 600, 599,
                590, 581, 600, 581, 591, 600, 591, 592, 601, 592, 602, 601, 592, 593, 602, 593, 603, 602,
                593, 594, 603, 594, 604, 603, 594, 595, 604, 595, 605, 604, 595, 596, 605, 596, 606, 605,
                596, 597, 606, 597, 607, 606, 597, 598, 607, 598, 608, 607, 598, 599, 608, 599, 609, 608,
                599, 600, 609, 600, 610, 609, 600, 591, 610, 591, 601, 610, 601, 602, 611, 602, 612, 611,
                602, 603, 612, 603, 613, 612, 603, 604, 613, 604, 614, 613, 604, 605, 614, 605, 615, 614,
                605, 606, 615, 606, 616, 615, 606, 607, 616, 607, 617, 616, 607, 608, 617, 608, 618, 617,
                608, 609, 618, 609, 619, 618, 609, 610, 619, 610, 620, 619, 610, 601, 620, 601, 611, 620,
                611, 612, 621, 612, 613, 621, 613, 614, 621, 614, 615, 621, 615, 616, 621, 616, 617, 621,
                617, 618, 621, 618, 619, 621, 619, 620, 621, 620, 611, 621, 622, 624, 623, 622, 625, 624,
                622, 626, 625, 622, 627, 626, 622, 628, 627, 622, 629, 628, 622, 630, 629, 622, 631, 630,
                622, 632, 631, 622, 623, 632, 623, 624, 633, 624, 634, 633, 624, 625, 634, 625, 635, 634,
                625, 626, 635, 626, 636, 635, 626, 627, 636, 627, 637, 636, 627, 628, 637, 628, 638, 637,
                628, 629, 638, 629, 639, 638, 629, 630, 639, 630, 640, 639, 630, 631, 640, 631, 641, 640,
                631, 632, 641, 632, 642, 641, 632, 623, 642, 623, 633, 642, 633, 634, 643, 634, 644, 643,
                634, 635, 644, 635, 645, 644, 635, 636, 645, 636, 646, 645, 636, 637, 646, 637, 647, 646,
                637, 638, 647, 638, 648, 647, 638, 639, 648, 639, 649, 648, 639, 640, 649, 640, 650, 649,
                640, 641, 650, 641, 651, 650, 641, 642, 651, 642, 652, 651, 642, 633, 652, 633, 643, 652,
                643, 644, 653, 644, 654, 653, 644, 645, 654, 645, 655, 654, 645, 646, 655, 646, 656, 655,
                646, 647, 656, 647, 657, 656, 647, 648, 657, 648, 658, 657, 648, 649, 658, 649, 659, 658,
                649, 650, 659, 650, 660, 659, 650, 651, 660, 651, 661, 660, 651, 652, 661, 652, 662, 661,
                652, 643, 662, 643, 653, 662, 653, 654, 663, 654, 664, 663, 654, 655, 664, 655, 665, 664,
                655, 656, 665, 656, 666, 665, 656, 657, 666, 657, 667, 666, 657, 658, 667, 658, 668, 667,
                658, 659, 668, 659, 669, 668, 659, 660, 669, 660, 670, 669, 660, 661, 670, 661, 671, 670,
                661, 662, 671, 662, 672, 671, 662, 653, 672, 653, 663, 672, 663, 664, 673, 664, 674, 673,
                664, 665, 674, 665, 675, 674, 665, 666, 675, 666, 676, 675, 666, 667, 676, 667, 677, 676,
                667, 668, 677, 668, 678, 677, 668, 669, 678, 669, 679, 678, 669, 670, 679, 670, 680, 679,
                670, 671, 680, 671, 681, 680, 671, 672, 681, 672, 682, 681, 672, 663, 682, 663, 673, 682,
                673, 674, 683, 674, 684, 683, 674, 675, 684, 675, 685, 684, 675, 676, 685, 676, 686, 685,
                676, 677, 686, 677, 687, 686, 677, 678, 687, 678, 688, 687, 678, 679, 688, 679, 689, 688,
                679, 680, 689, 680, 690, 689, 680, 681, 690, 681, 691, 690, 681, 682, 691, 682, 692, 691,
                682, 673, 692, 673, 683, 692, 683, 684, 693, 684, 694, 693, 684, 685, 694, 685, 695, 694,
                685, 686, 695, 686, 696, 695, 686, 687, 696, 687, 697, 696, 687, 688, 697, 688, 698, 697,
                688, 689, 698, 689, 699, 698, 689, 690, 699, 690, 700, 699, 690, 691, 700, 691, 701, 700,
                691, 692, 701, 692, 702, 701, 692, 683, 702, 683, 693, 702, 693, 694, 703, 694, 695, 703,
                695, 696, 703, 696, 697, 703, 697, 698, 703, 698, 699, 703, 699, 700, 703, 700, 701, 703,
                701, 702, 703, 702, 693, 703, 704, 705, 706, 705, 707, 706, 708, 709, 710, 709, 711, 710,
                708, 710, 706, 710, 704, 706, 711, 709, 705, 709, 707, 705, 710, 711, 704, 711, 705, 704,
                706, 707, 708, 707, 709, 708
            ]

            rel skel:skeleton = </Character/Skel>
            matrix4d primvars:skel:geomBindTransform = ( (1, 0, 0, 0), (0, 1, 0, 0), (0, 0, 1, 0), (0, 0, 0, 1) )
            int[] primvars:skel:jointIndices = [
                2, 1, 7, 12, 12, 0, 1, 15, 2, 1, 7, 12, 12, 0, 1, 15, 2, 1, 10, 15,
                15, 0, 1, 12, 2, 1, 10, 15, 15, 0, 1, 12, 6, 4, 3, 5, 7, 2, 1, 12,
                6, 4, 3, 5, 7, 2, 1, 12, 9, 4, 3, 5, 10, 2, 1, 15, 9, 4, 3, 5,
                10, 2, 1, 15, 2, 1, 7, 3, 12, 1, 0, 2, 2, 1, 7, 3, 12, 1, 0, 2,
                2, 1, 10, 3, 15, 1, 0, 2, 2, 1, 10, 3, 15, 1, 0, 2, 7, 6, 8, 2,
                7, 6, 8, 2, 7, 6, 8, 2, 7, 6, 8, 2, 7, 6, 8, 2, 7, 6, 8, 2,
                7, 6, 8, 2, 7, 6, 8, 2, 7, 6, 8, 2, 7, 6, 8, 2, 7, 6, 8, 2,
                7, 6, 2, 1, 7, 6, 2, 1, 7, 6, 8, 2, 7, 6, 8, 2, 7, 6, 8, 2,
                7, 6, 8, 2, 7, 6, 8, 2, 7, 6, 8, 2, 7, 6, 8, 2, 7, 6, 2, 1,
                7, 6, 2, 3, 7, 6, 2, 3, 7, 6, 2, 3, 7, 6, 8, 2, 7, 6, 8, 2,
                7, 6, 8, 2, 7, 6, 8, 2, 7, 6, 8, 2, 7, 6, 2, 3, 7, 6, 2, 3,
                7, 6, 2, 3, 7, 6, 2, 3, 7, 6, 2, 3, 7, 6, 2, 8, 7, 6, 8, 2,
                7, 6, 8, 2, 7, 6, 8, 2, 7, 6, 2, 8, 7, 6, 2, 3, 7, 6, 2, 3,
                6, 3, 4, 2, 6, 3, 4, 2, 6, 3, 4, 5, 6, 3, 4, 5, 6, 3, 4, 7,
                6, 3, 4, 7, 6, 3, 4, 7, 6, 3, 4, 5, 6, 3, 4, 5, 6, 3, 4, 2,
                6, 3, 4, 5, 6, 3, 4, 5, 6, 3, 4, 5, 6, 3, 4, 5, 6, 3, 4, 5,
                6, 3, 4, 5, 6, 3, 4, 5, 6, 3, 4, 5, 6, 3, 4, 5, 6, 3, 4, 5,
                6, 3, 4, 5, 6, 3, 4, 5, 6, 3, 4, 5, 6, 3, 4, 5, 6, 3, 4, 5,
                6, 3, 4, 5, 6, 3, 4, 5, 6, 3, 4, 5, 6, 3, 4, 5, 6, 3, 4, 5,
                6, 3, 4, 5, 6, 3, 4, 5, 6, 3, 4, 5, 6, 3, 4, 5, 6, 3, 4, 5,
                6, 4, 3, 5, 6, 3, 4, 5, 6, 3, 4, 5, 6, 3, 4, 5, 6, 3, 4, 5,
                6, 3, 4, 5, 8, 7, 12, 0, 8, 7, 12, 0, 8, 7, 12, 0, 8, 7, 12, 0,
                8, 7, 12, 0, 8, 7, 12, 0, 8, 7, 12, 0, 8, 7, 12, 0, 8, 7, 12, 0,
                8, 7, 12, 0, 8, 7, 12, 0, 8, 7, 12, 0, 8, 7, 12, 0, 8, 7, 12, 0,
                8, 7, 12, 0, 8, 7, 12, 0, 8, 7, 12, 0, 8, 7, 12, 0, 8, 7, 12, 0,
                8, 7, 12, 0, 8, 7, 12, 0, 8, 7, 12, 0, 8, 7, 12, 0, 8, 7, 12, 1,
                8, 7, 12, 1, 8, 7, 12, 1, 8, 7, 12, 6, 8, 7, 12, 1, 8, 7, 12, 1,
                8, 7, 12, 1, 8, 7, 12, 0, 8, 7, 12, 1, 8, 7, 12, 1, 8, 7, 12, 1,
                8, 7, 12, 1, 8, 7, 12, 6, 8, 7, 12, 6, 8, 7, 12, 6, 8, 7, 12, 1,
                8, 7, 12, 1, 8, 7, 12, 1, 7, 6, 8, 2, 7, 6, 8, 2, 7, 6, 8, 2,
                7, 6, 8, 2, 7, 6, 8, 2, 7, 6, 8, 2, 7, 6, 8, 2, 7, 6, 8, 2,
                7, 6, 8, 2, 7, 6, 8, 2, 7, 6, 8, 2, 7, 6, 8, 2, 7, 6, 8, 2,
                7, 6, 8, 2, 7, 6, 8, 2, 7, 6, 8, 2, 7, 6, 8, 2, 7, 6, 8, 2,
                7, 6, 8, 2, 7, 6, 8, 2, 7, 6, 8, 2, 7, 6, 8, 2, 7, 6, 8, 2,
                7, 6, 8, 2, 7, 6, 8, 2, 7, 6, 8, 2, 7, 6, 8, 2, 7, 6, 8, 2,
                7, 6, 8, 2, 7, 6, 8, 2, 7, 6, 8, 2, 7, 6, 8, 2, 7, 6, 8, 2,
                7, 6, 8, 2, 7, 6, 8, 2, 7, 6, 8, 2, 7, 6, 8, 2, 7, 6, 8, 2,
                7, 6, 8, 2, 7, 6, 8, 2, 7, 6, 8, 2, 8, 7, 12, 6, 8, 7, 12, 0,
                8, 7, 12, 6, 8, 7, 12, 0, 8, 7, 12, 1, 8, 7, 12, 0, 8, 7, 12, 1,
                8, 7, 12, 0, 10, 9, 11, 2, 10, 9, 11, 2, 10, 9, 11, 2, 10, 9, 11, 2,
                10, 9, 11, 2, 10, 9, 11, 2, 10, 9, 11, 2, 10, 9, 11, 2, 10, 9, 11, 2,
                10, 9, 11, 2, 10, 9, 11, 2, 10, 9, 11, 2, 10, 9, 11, 2, 10, 9, 11, 2,
                10, 9, 11, 2, 10, 9, 2, 1, 10, 9, 2, 1, 10, 9, 2, 1, 10, 9, 11, 2,
                10, 9, 11, 2, 10, 9, 11, 2, 10, 9, 11, 2, 10, 9, 11, 2, 10, 9, 11, 2,
                10, 9, 2, 3, 10, 9, 2, 3, 10, 9, 2, 3, 10, 9, 2, 3, 10, 9, 2, 3,
                10, 9, 11, 2, 10, 9, 11, 2, 10, 9, 11, 2, 10, 9, 11, 2, 10, 9, 2, 11,
                10, 9, 2, 3, 10, 9, 2, 3, 10, 9, 2, 3, 10, 9, 2, 3, 10, 9, 2, 3,
                10, 9, 2, 11, 10, 9, 11, 2, 9, 3, 4, 10, 9, 3, 4, 10, 9, 3, 4, 5,
                9, 3, 4, 5, 9, 3, 4, 2, 9, 3, 4, 2, 9, 3, 4, 2, 9, 3, 4, 5,
                9, 3, 4, 5, 9, 3, 4, 10, 9, 3, 4, 5, 9, 3, 4, 5, 9, 3, 4, 5,
                9, 3, 4, 5, 9, 3, 4, 5, 9, 3, 4, 5, 9, 3, 4, 5, 9, 3, 4, 5,
                9, 3, 4, 5, 9, 3, 4, 5, 9, 3, 4, 5, 9, 3, 4, 5, 9, 3, 4, 5,
                9, 3, 4, 5, 9, 3, 4, 5, 9, 3, 4, 5, 9, 3, 4, 5, 9, 3, 4, 5,
                9, 3, 4, 5, 9, 3, 4, 5, 9, 4, 3, 5, 9, 3, 4, 5, 9, 3, 4, 5,
                9, 3, 4, 5, 9, 3, 4, 5, 9, 3, 4, 5, 9, 3, 4, 5, 9, 3, 4, 5,
                9, 3, 4, 5, 9, 3, 4, 5, 9, 3, 4, 5, 11, 10, 15, 0, 11, 10, 15, 0,
                11, 10, 15, 0, 11, 10, 15, 0, 11, 10, 15, 0, 11, 10, 15, 0, 11, 10, 15, 0,
                11, 10, 15, 0, 11, 10, 15, 0, 11, 10, 15, 0, 11, 10, 15, 0, 11, 10, 15, 0,
                11, 10, 15, 0, 11, 10, 15, 0, 11, 10, 15, 0, 11, 10, 15, 0, 11, 10, 15, 0,
                11, 10, 15, 0, 11, 10, 15, 0, 11, 10, 15, 0, 11, 10, 15, 0, 11, 10, 15, 9,
                11, 10, 15, 1, 11, 10, 15, 1, 11, 10, 15, 1, 11, 10, 15, 0, 11, 10, 15, 0,
                11, 10, 15, 0, 11, 10, 15, 1, 11, 10, 15, 1, 11, 10, 15, 1, 11, 10, 15, 9,
                11, 10, 15, 9, 11, 10, 15, 1, 11, 10, 15, 1, 11, 10, 15, 1, 11, 10, 15, 1,
                11, 10, 15, 1, 11, 10, 15, 1, 11, 10, 15, 1, 11, 10, 15, 9, 10, 9, 11, 2,
                10, 9, 11, 2, 10, 9, 11, 2, 10, 9, 11, 2, 10, 9, 11, 2, 10, 9, 11, 2,
                10, 9, 11, 2, 10, 9, 11, 2, 10, 9, 11, 2, 10, 9, 11, 2, 10, 9, 11, 2,
                10, 9, 11, 2, 10, 9, 11, 2, 10, 9, 11, 2, 10, 9, 11, 2, 10, 9, 11, 2,
                10, 9, 11, 2, 10, 9, 11, 2, 10, 9, 11, 2, 10, 9, 11, 2, 10, 9, 11, 2,
                10, 9, 11, 2, 10, 9, 11, 2, 10, 9, 11, 2, 10, 9, 11, 2, 10, 9, 11, 2,
                10, 9, 11, 2, 10, 9, 11, 2, 10, 9, 11, 2, 10, 9, 11, 2, 10, 9, 11, 2,
                10, 9, 11, 2, 10, 9, 11, 2, 10, 9, 11, 2, 10, 9, 11, 2, 10, 9, 11, 2,
                10, 9, 11, 2, 10, 9, 11, 2, 10, 9, 11, 2, 10, 9, 11, 2, 10, 9, 11, 2,
                11, 10, 15, 1, 11, 10, 15, 0, 11, 10, 15, 1, 11, 10, 15, 0, 11, 10, 15, 9,
                11, 10, 15, 0, 11, 10, 15, 9, 11, 10, 15, 0, 13, 0, 16, 12, 13, 0, 16, 12,
                13, 0, 16, 12, 13, 0, 16, 12, 13, 0, 16, 12, 13, 0, 16, 12, 13, 0, 16, 12,
                13, 0, 16, 12, 13, 0, 16, 12, 13, 0, 16, 12, 13, 0, 16, 12, 0, 13, 16, 12,
                13, 0, 16, 12, 13, 0, 16, 12, 13, 0, 16, 12, 13, 0, 12, 16, 13, 0, 12, 16,
                13, 0, 12, 16, 13, 0, 16, 12, 13, 0, 16, 12, 13, 0, 16, 12, 0, 13, 16, 12,
                0, 13, 16, 12, 13, 0, 16, 12, 13, 0, 12, 16, 13, 0, 12, 16, 13, 0, 12, 16,
                13, 0, 12, 16, 13, 0, 12, 16, 13, 0, 16, 12, 0, 13, 16, 12, 0, 13, 16, 12,
                0, 13, 16, 12, 13, 0, 12, 16, 13, 0, 12, 16, 13, 0, 12, 16, 13, 0, 12, 16,
                13, 0, 12, 16, 13, 0, 12, 16, 13, 0, 12, 16, 0, 13, 16, 12, 0, 12, 1, 15,
                0, 12, 1, 15, 12, 0, 1, 15, 12, 0, 1, 15, 12, 0, 1, 15, 12, 0, 1, 8,
                12, 0, 1, 15, 12, 0, 1, 15, 12, 0, 1, 15, 0, 12, 1, 15, 0, 1, 12, 15,
                0, 12, 1, 15, 12, 0, 1, 15, 12, 0, 1, 2, 12, 0, 1, 2, 12, 0, 1, 2,
                12, 0, 1, 2, 12, 0, 1, 2, 12, 0, 1, 15, 0, 12, 1, 15, 0, 1, 12, 15,
                12, 0, 1, 15, 12, 0, 1, 2, 12, 0, 1, 2, 12, 0, 1, 2, 12, 0, 1, 2,
                12, 0, 1, 2, 12, 0, 1, 2, 12, 0, 1, 2, 12, 0, 1, 15, 12, 0, 1, 2,
                12, 0, 1, 2, 12, 0, 1, 2, 12, 0, 1, 2, 12, 0, 1, 2, 12, 0, 1, 2,
                12, 0, 1, 2, 12, 0, 1, 2, 12, 0, 1, 2, 12, 0, 1, 2, 12, 0, 1, 2,
                14, 0, 17, 13, 14, 0, 17, 13, 14, 0, 17, 13, 14, 0, 17, 13, 14, 0, 17, 13,
                14, 0, 13, 17, 14, 0, 13, 17, 14, 0, 13, 17, 14, 0, 17, 13, 14, 0, 17, 13,
                14, 0, 17, 13, 14, 0, 17, 13, 14, 0, 17, 13, 14, 0, 17, 13, 14, 0, 13, 17,
                14, 0, 13, 17, 14, 0, 13, 17, 14, 0, 13, 17, 14, 0, 13, 17, 14, 0, 17, 13,
                14, 0, 17, 13, 0, 14, 17, 13, 14, 0, 17, 13, 14, 0, 17, 13, 14, 0, 13, 17,
                14, 0, 13, 17, 14, 0, 13, 17, 14, 0, 13, 17, 14, 0, 13, 17, 14, 0, 17, 13,
                14, 0, 17, 13, 0, 14, 17, 13, 0, 14, 17, 13, 14, 0, 13, 17, 14, 0, 13, 17,
                14, 0, 13, 17, 14, 0, 13, 17, 14, 0, 13, 17, 14, 0, 13, 17, 14, 0, 13, 17,
                0, 14, 17, 13, 0, 13, 16, 12, 0, 13, 16, 12, 13, 0, 16, 12, 13, 0, 16, 12,
                13, 0, 16, 12, 13, 0, 16, 12, 13, 0, 16, 12, 13, 0, 16, 12, 13, 0, 16, 12,
                0, 13, 16, 12, 0, 13, 16, 12, 13, 0, 16, 12, 13, 0, 16, 12, 13, 0, 16, 12,
                13, 0, 12, 16, 13, 0, 12, 16, 13, 0, 12, 16, 13, 0, 16, 12, 13, 0, 16, 12,
                13, 0, 16, 12, 13, 0, 16, 12, 13, 0, 16, 12, 13, 0, 16, 12, 13, 0, 16, 12,
                13, 0, 12, 16, 13, 0, 12, 16, 13, 0, 12, 16, 13, 0, 16, 12, 13, 0, 16, 12,
                13, 0, 16, 12, 13, 0, 16, 12, 13, 0, 16, 12, 13, 0, 16, 12, 13, 0, 12, 16,
                13, 0, 12, 16, 13, 0, 12, 16, 13, 0, 12, 16, 13, 0, 12, 16, 13, 0, 16, 12,
                13, 0, 16, 12, 13, 0, 12, 16, 14, 0, 13, 17, 14, 0, 17, 13, 14, 0, 13, 17,
                14, 0, 17, 13, 0, 14, 17, 13, 0, 14, 17, 13, 14, 17, 0, 13, 14, 17, 0, 13,
                16, 0, 13, 15, 16, 0, 13, 15, 16, 0, 13, 15, 16, 0, 13, 15, 16, 0, 13, 15,
                16, 0, 13, 15, 16, 0, 13, 15, 16, 0, 13, 15, 16, 0, 13, 15, 16, 0, 13, 15,
                16, 0, 13, 15, 16, 0, 15, 13, 16, 0, 15, 13, 16, 0, 13, 15, 16, 0, 13, 15,
                16, 0, 13, 15, 0, 16, 13, 15, 16, 0, 13, 15, 16, 0, 13, 15, 16, 0, 13, 15,
                16, 0, 15, 13, 16, 0, 15, 13, 16, 0, 15, 13, 16, 0, 15, 13, 16, 0, 13, 15,
                0, 16, 13, 15, 0, 16, 13, 15, 0, 16, 13, 15, 16, 0, 13, 15, 16, 0, 15, 13,
                16, 0, 15, 13, 16, 0, 15, 13, 16, 0, 15, 13, 16, 0, 15, 13, 16, 0, 15, 13,
                0, 16, 13, 15, 0, 16, 13, 15, 0, 16, 13, 15, 16, 0, 15, 13, 16, 0, 15, 13,
                16, 0, 15, 13, 15, 0, 1, 11, 15, 0, 1, 12, 15, 0, 1, 12, 15, 0, 1, 12,
                0, 15, 1, 12, 0, 15, 1, 12, 0, 15, 1, 12, 15, 0, 1, 12, 15, 0, 1, 12,
                15, 0, 1, 12, 15, 0, 1, 2, 15, 0, 1, 2, 15, 0, 1, 2, 15, 0, 1, 12,
                0, 15, 1, 12, 0, 1, 15, 12, 0, 15, 1, 12, 15, 0, 1, 12, 15, 0, 1, 2,
                15, 0, 1, 2, 15, 0, 1, 2, 15, 0, 1, 2, 15, 0, 1, 2, 15, 0, 1, 2,
                15, 0, 1, 12, 0, 1, 15, 12, 15, 0, 1, 12, 15, 0, 1, 2, 15, 0, 1, 2,
                15, 0, 1, 2, 15, 0, 1, 2, 15, 0, 1, 2, 15, 0, 1, 2, 15, 0, 1, 2,
                15, 0, 1, 2, 15, 0, 1, 2, 15, 0, 1, 2, 15, 0, 1, 2, 15, 0, 1, 2,
                15, 0, 1, 2, 15, 0, 1, 2, 17, 0, 14, 16, 17, 0, 16, 14, 17, 0, 16, 14,
                17, 0, 14, 16, 17, 0, 14, 16, 17, 0, 14, 16, 17, 0, 14, 16, 17, 0, 14, 16,
                17, 0, 14, 16, 17, 0, 14, 16, 17, 0, 16, 14, 17, 0, 16, 14, 17, 0, 16, 14,
                17, 0, 16, 14, 17, 0, 14, 16, 17, 0, 14, 16, 17, 0, 14, 16, 17, 0, 14, 16,
                17, 0, 14, 16, 17, 0, 16, 14, 17, 0, 16, 14, 17, 0, 16, 14, 17, 0, 16, 14,
                17, 0, 16, 14, 17, 0, 14, 16, 17, 0, 14, 16, 0, 17, 14, 16, 17, 0, 14, 16,
                17, 0, 14, 16, 17, 0, 16, 14, 17, 0, 16, 14, 17, 0, 16, 14, 17, 0, 16, 14,
                17, 0, 16, 14, 17, 0, 16, 14, 0, 17, 14, 16, 0, 17, 14, 16, 0, 17, 14, 16,
                17, 0, 16, 14, 17, 0, 16, 14, 17, 0, 16, 14, 16, 0, 13, 15, 16, 0, 13, 15,
                16, 0, 13, 15, 16, 0, 13, 15, 0, 16, 13, 15, 0, 16, 13, 15, 0, 16, 13, 15,
                16, 0, 13, 15, 16, 0, 13, 15, 16, 0, 13, 15, 16, 0, 15, 13, 16, 0, 15, 13,
                16, 0, 13, 15, 16, 0, 13, 15, 16, 0, 13, 15, 0, 16, 13, 15, 16, 0, 13, 15,
                16, 0, 13, 15, 16, 0, 13, 15, 16, 0, 15, 13, 16, 0, 15, 13, 16, 0, 15, 13,
                16, 0, 13, 15, 16, 0, 13, 15, 16, 0, 13, 15, 16, 0, 13, 15, 16, 0, 13, 15,
                16, 0, 13, 15, 16, 0, 13, 15, 16, 0, 15, 13, 16, 0, 15, 13, 16, 0, 15, 13,
                16, 0, 15, 13, 16, 0, 13, 15, 16, 0, 13, 15, 16, 0, 13, 15, 16, 0, 13, 15,
                16, 0, 13, 15, 16, 0, 15, 13, 16, 0, 15, 13, 16, 0, 15, 13, 17, 14, 0, 16,
                17, 14, 0, 16, 0, 17, 14, 16, 0, 17, 14, 16, 17, 0, 16, 14, 17, 0, 14, 16,
                17, 0, 16, 14, 17, 0, 14, 16
            ] (
                elementSize = 4
                interpolation = "vertex"
            )
            float[] primvars:skel:jointWeights = [
                0.26474, 0.26406, 0.23609, 0.23512, 0.54651, 0.20933, 0.14593, 0.09823, 0.26474, 0.26406, 0.23609, 0.23512,
                0.54651, 0.20933, 0.14593, 0.09823, 0.26474, 0.26406, 0.23609, 0.23512, 0.54651, 0.20933, 0.14593, 0.09823,
                0.26474, 0.26406, 0.23609, 0.23512, 0.54651, 0.20933, 0.14593, 0.09823, 0.43774, 0.19772, 0.19728, 0.16727,
                0.26275, 0.25106, 0.2505, 0.2357, 0.43774, 0.19772, 0.19728, 0.16727, 0.26275, 0.25106, 0.2505, 0.2357,
                0.43774, 0.19772, 0.19728, 0.16727, 0.26275, 0.25106, 0.2505, 0.2357, 0.43774, 0.19772, 0.19728, 0.16727,
                0.26275, 0.25106, 0.2505, 0.2357, 0.31399, 0.27175, 0.25044, 0.16382, 0.36522, 0.22736, 0.21065, 0.19677,
                0.31399, 0.27175, 0.25044, 0.16382, 0.36522, 0.22736, 0.21065, 0.19677, 0.31399, 0.27175, 0.25044, 0.16382,
                0.36522, 0.22736, 0.21065, 0.19677, 0.31399, 0.27175, 0.25044, 0.16382, 0.36522, 0.22736, 0.21065, 0.19677,
                0.91119, 0.04482, 0.02497, 0.01902, 0.82071, 0.09103, 0.0445, 0.04376, 0.83385, 0.08477, 0.0419, 0.03948,
                0.86975, 0.06714, 0.0342, 0.02891, 0.91792, 0.04267, 0.02259, 0.01681, 0.96083, 0.02045, 0.01118, 0.00754,
                0.97834, 0.01132, 0.00627, 0.00407, 0.96083, 0.02045, 0.01118, 0.00754, 0.91792, 0.04267, 0.02259, 0.01681,
                0.86975, 0.06714, 0.0342, 0.02891, 0.83385, 0.08477, 0.0419, 0.03948, 0.73156, 0.1384, 0.07077, 0.05928,
                0.7556, 0.12994, 0.06213, 0.05233, 0.81329, 0.10252, 0.04226, 0.04193, 0.89223, 0.06032, 0.02651, 0.02094,
                0.96752, 0.01831, 0.0085, 0.00567, 0.99994, 0.00003, 0.00002, 0.00001, 0.96752, 0.01831, 0.0085, 0.00567,
                0.89223, 0.06032, 0.02651, 0.02094, 0.81329, 0.10252, 0.04226, 0.04193, 0.7556, 0.12994, 0.06213, 0.05233,
                0.64828, 0.18679, 0.09243, 0.0725, 0.67854, 0.1775, 0.07968, 0.06427, 0.75715, 0.14548, 0.05258, 0.0448,
                0.85326, 0.09069, 0.02961, 0.02644, 0.94434, 0.03478, 0.0121, 0.00878, 0.98407, 0.00998, 0.00356, 0.0024,
                0.94434, 0.03478, 0.0121, 0.00878, 0.85326, 0.09069, 0.02961, 0.02644, 0.75715, 0.14548, 0.05258, 0.0448,
                0.67854, 0.1775, 0.07968, 0.06427, 0.56805, 0.24406, 0.10282, 0.08507, 0.59991, 0.23579, 0.08884, 0.07546,
                0.68336, 0.20311, 0.06, 0.05353, 0.79346, 0.14185, 0.03312, 0.03158, 0.89356, 0.07412, 0.01751, 0.01481,
                0.93779, 0.04346, 0.01052, 0.00823, 0.89356, 0.07412, 0.01751, 0.01481, 0.79346, 0.14185, 0.03312, 0.03158,
                0.68336, 0.20311, 0.06, 0.05353, 0.59991, 0.23579, 0.08884, 0.07546, 0.98197, 0.00766, 0.00647, 0.00389,
                0.88262, 0.04862, 0.04247, 0.0263, 0.75988, 0.09461, 0.08729, 0.05822, 0.69929, 0.11299, 0.10802, 0.0797,
                0.6743, 0.11755, 0.11426, 0.09389, 0.66606, 0.11779, 0.11504, 0.10111, 0.6743, 0.11755, 0.11426, 0.09389,
                0.69929, 0.11299, 0.10802, 0.0797, 0.75988, 0.09461, 0.08729, 0.05822, 0.88262, 0.04862, 0.04247, 0.0263,
                0.92215, 0.03175, 0.02924, 0.01687, 0.83414, 0.06597, 0.06186, 0.03803, 0.7154, 0.10803, 0.10427, 0.07231,
                0.65508, 0.12619, 0.12404, 0.09469, 0.63214, 0.13188, 0.13068, 0.1053, 0.62664, 0.13302, 0.13209, 0.10826,
                0.63214, 0.13188, 0.13068, 0.1053, 0.65508, 0.12619, 0.12404, 0.09469, 0.7154, 0.10803, 0.10427, 0.07231,
                0.83414, 0.06597, 0.06186, 0.03803, 0.8018, 0.07615, 0.07436, 0.0477, 0.75704, 0.09208, 0.09038, 0.0605,
                0.68237, 0.11707, 0.11596, 0.0846, 0.63139, 0.13263, 0.13214, 0.10383, 0.60827, 0.13898, 0.13879, 0.11397,
                0.60204, 0.14055, 0.14044, 0.11697, 0.60827, 0.13898, 0.13879, 0.11397, 0.63139, 0.13263, 0.13214, 0.10383,
                0.68237, 0.11707, 0.11596, 0.0846, 0.75704, 0.09208, 0.09038, 0.0605, 0.69572, 0.11187, 0.11156, 0.08085,
                0.68192, 0.11636, 0.11611, 0.08561, 0.65259, 0.12563, 0.12551, 0.09626, 0.62573, 0.13378, 0.13375, 0.10674,
                0.60901, 0.13866, 0.13866, 0.11366, 0.60349, 0.14024, 0.14024, 0.11602, 0.60901, 0.13866, 0.13866, 0.11366,
                0.62573, 0.13378, 0.13375, 0.10674, 0.65259, 0.12563, 0.12551, 0.09626, 0.68192, 0.11636, 0.11611, 0.08561,
                0.63246, 0.13162, 0.13162, 0.10431, 0.92484, 0.05081, 0.01554, 0.00881, 0.84616, 0.10112, 0.03403, 0.01869,
                0.85799, 0.09408, 0.03086, 0.01707, 0.88962, 0.07454, 0.02294, 0.0129, 0.93027, 0.0481, 0.01374, 0.00788,
                0.96469, 0.02474, 0.00668, 0.00388, 0.97825, 0.01533, 0.00406, 0.00237, 0.96469, 0.02474, 0.00668, 0.00388,
                0.93027, 0.0481, 0.01374, 0.00788, 0.88962, 0.07454, 0.02294, 0.0129, 0.85799, 0.09408, 0.03086, 0.01707,
                0.76137, 0.15602, 0.05388, 0.02874, 0.78161, 0.1451, 0.04754, 0.02575, 0.83626, 0.11286, 0.03259, 0.01829,
                0.90873, 0.06528, 0.01644, 0.00955, 0.97295, 0.01983, 0.00453, 0.00269, 0.99914, 0.00064, 0.00014, 0.00008,
                0.97295, 0.01983, 0.00453, 0.00269, 0.90873, 0.06528, 0.01644, 0.00955, 0.83626, 0.11286, 0.03259, 0.01829,
                0.78161, 0.1451, 0.04754, 0.02575, 0.69002, 0.20813, 0.06679, 0.03506, 0.71488, 0.19558, 0.05825, 0.03129,
                0.78242, 0.15629, 0.03919, 0.0221, 0.87458, 0.09406, 0.01973, 0.01164, 0.95991, 0.03089, 0.00572, 0.00347,
                0.99587, 0.0032, 0.00057, 0.00036, 0.95991, 0.03089, 0.00572, 0.00347, 0.87458, 0.09406, 0.01973, 0.01164,
                0.78242, 0.15629, 0.03919, 0.0221, 0.71488, 0.19558, 0.05825, 0.03129, 0.63094, 0.26341, 0.06907, 0.03658,
                0.65775, 0.24936, 0.06018, 0.0327, 0.73196, 0.20396, 0.04074, 0.02334, 0.8367, 0.12923, 0.02128, 0.01278,
                0.93726, 0.0506, 0.00729, 0.00485, 0.98112, 0.01531, 0.00211, 0.00145, 0.93726, 0.0506, 0.00729, 0.00485,
                0.8367, 0.12923, 0.02128, 0.01278, 0.73196, 0.20396, 0.04074, 0.02334, 0.65775, 0.24936, 0.06018, 0.0327,
                0.98584, 0.00842, 0.00324, 0.0025, 0.9517, 0.0284, 0.0116, 0.0083, 0.88364, 0.06631, 0.03136, 0.0187,
                0.8257, 0.09522, 0.05308, 0.026, 0.79124, 0.11001, 0.0693, 0.02945, 0.78007, 0.11427, 0.07526, 0.03039,
                0.79124, 0.11001, 0.0693, 0.02945, 0.8257, 0.09522, 0.05308, 0.026, 0.88364, 0.06631, 0.03136, 0.0187,
                0.9517, 0.0284, 0.0116, 0.0083, 0.98832, 0.00774, 0.0021, 0.00184, 0.95107, 0.03204, 0.00931, 0.00758,
                0.8767, 0.07824, 0.02666, 0.01839, 0.81315, 0.11397, 0.04624, 0.02664, 0.77637, 0.13204, 0.06084, 0.03076,
                0.76465, 0.13722, 0.0662, 0.03193, 0.77637, 0.13204, 0.06084, 0.03076, 0.81315, 0.11397, 0.04624, 0.02664,
                0.8767, 0.07824, 0.02666, 0.01839, 0.95107, 0.03204, 0.00931, 0.00758, 0.95518, 0.03203, 0.0067, 0.00608,
                0.92675, 0.05182, 0.0115, 0.00993, 0.86805, 0.09093, 0.02327, 0.01775, 0.81554, 0.12312, 0.03684, 0.02449,
                0.78291, 0.14126, 0.04738, 0.02845, 0.77206, 0.14689, 0.05134, 0.02971, 0.78291, 0.14126, 0.04738, 0.02845,
                0.81554, 0.12312, 0.03684, 0.02449, 0.86805, 0.09093, 0.02327, 0.01775, 0.92675, 0.05182, 0.0115, 0.00993,
                0.89308, 0.079, 0.01489, 0.01303, 0.8803, 0.08793, 0.01715, 0.01463, 0.85096, 0.10785, 0.02289, 0.01831,
                0.82104, 0.12716, 0.02973, 0.02207, 0.80063, 0.13964, 0.03512, 0.02462, 0.79354, 0.14381, 0.03716, 0.02549,
                0.80063, 0.13964, 0.03512, 0.02462, 0.82104, 0.12716, 0.02973, 0.02207, 0.85096, 0.10785, 0.02289, 0.01831,
                0.8803, 0.08793, 0.01715, 0.01463, 0.8329, 0.12215, 0.02508, 0.01986, 0.8443, 0.11662, 0.02217, 0.01691,
                0.94762, 0.02634, 0.0159, 0.01014, 0.8443, 0.11662, 0.02217, 0.01691, 0.94762, 0.02634, 0.0159, 0.01014,
                0.92527, 0.05918, 0.00977, 0.00577, 0.84582, 0.0658, 0.05636, 0.03202, 0.92527, 0.05918, 0.00977, 0.00577,
                0.84582, 0.0658, 0.05636, 0.03202, 0.91119, 0.04482, 0.02497, 0.01902, 0.97834, 0.01132, 0.00627, 0.00407,
                0.96083, 0.02045, 0.01118, 0.00754, 0.91792, 0.04267, 0.02259, 0.01681, 0.86975, 0.06714, 0.0342, 0.02891,
                0.83385, 0.08477, 0.0419, 0.03948, 0.82071, 0.09103, 0.0445, 0.04376, 0.83385, 0.08477, 0.0419, 0.03948,
                0.86975, 0.06714, 0.0342, 0.02891, 0.91792, 0.04267, 0.02259, 0.01681, 0.96083, 0.02045, 0.01118, 0.00754,
                0.99994, 0.00003, 0.00002, 0.00001, 0.96752, 0.01831, 0.0085, 0.00567, 0.89223, 0.06032, 0.02651, 0.02094,
                0.81329, 0.10252, 0.04226, 0.04193, 0.7556, 0.12994, 0.06213, 0.05233, 0.73156, 0.1384, 0.07077, 0.05928,
                0.7556, 0.12994, 0.06213, 0.05233, 0.81329, 0.10252, 0.04226, 0.04193, 0.89223, 0.06032, 0.02651, 0.02094,
                0.96752, 0.01831, 0.0085, 0.00567, 0.98407, 0.00998, 0.00356, 0.0024, 0.94434, 0.03478, 0.0121, 0.00878,
                0.85326, 0.09069, 0.02961, 0.02644, 0.75715, 0.14548, 0.05258, 0.0448, 0.67854, 0.1775, 0.07968, 0.06427,
                0.64828, 0.18679, 0.09243, 0.0725, 0.67854, 0.1775, 0.07968, 0.06427, 0.75715, 0.14548, 0.05258, 0.0448,
                0.85326, 0.09069, 0.02961, 0.02644, 0.94434, 0.03478, 0.0121, 0.00878, 0.93779, 0.04346, 0.01052, 0.00823,
                0.89356, 0.07412, 0.01751, 0.01481, 0.79346, 0.14185, 0.03312, 0.03158, 0.68336, 0.20311, 0.06, 0.05353,
                0.59991, 0.23579, 0.08884, 0.07546, 0.56805, 0.24406, 0.10282, 0.08507, 0.59991, 0.23579, 0.08884, 0.07546,
                0.68336, 0.20311, 0.06, 0.05353, 0.79346, 0.14185, 0.03312, 0.03158, 0.89356, 0.07412, 0.01751, 0.01481,
                0.66606, 0.11779, 0.11504, 0.10111, 0.6743, 0.11755, 0.11426, 0.09389, 0.69929, 0.11299, 0.10802, 0.0797,
                0.75988, 0.09461, 0.08729, 0.05822, 0.88262, 0.04862, 0.04247, 0.0263, 0.98197, 0.00766, 0.00647, 0.00389,
                0.88262, 0.04862, 0.04247, 0.0263, 0.75988, 0.09461, 0.08729, 0.05822, 0.69929, 0.11299, 0.10802, 0.0797,
                0.6743, 0.11755, 0.11426, 0.09389, 0.62664, 0.13302, 0.13209, 0.10826, 0.63214, 0.13188, 0.13068, 0.1053,
                0.65508, 0.12619, 0.12404, 0.09469, 0.7154, 0.10803, 0.10427, 0.07231, 0.83414, 0.06597, 0.06186, 0.03803,
                0.92215, 0.03175, 0.02924, 0.01687, 0.83414, 0.06597, 0.06186, 0.03803, 0.7154, 0.10803, 0.10427, 0.07231,
                0.65508, 0.12619, 0.12404, 0.09469, 0.63214, 0.13188, 0.13068, 0.1053, 0.60204, 0.14055, 0.14044, 0.11697,
                0.60827, 0.13898, 0.13879, 0.11397, 0.63139, 0.13263, 0.13214, 0.10383, 0.68237, 0.11707, 0.11596, 0.0846,
                0.75704, 0.09208, 0.09038, 0.0605, 0.8018, 0.07615, 0.07436, 0.0477, 0.75704, 0.09208, 0.09038, 0.0605,
                0.68237, 0.11707, 0.11596, 0.0846, 0.63139, 0.13263, 0.13214, 0.10383, 0.60827, 0.13898, 0.13879, 0.11397,
                0.60349, 0.14024, 0.14024, 0.11602, 0.60901, 0.13866, 0.13866, 0.11366, 0.62573, 0.13378, 0.13375, 0.10674,
                0.65259, 0.12563, 0.12551, 0.09626, 0.68192, 0.11636, 0.11611, 0.08561, 0.69572, 0.11187, 0.11156, 0.08085,
                0.68192, 0.11636, 0.11611, 0.08561, 0.65259, 0.12563, 0.12551, 0.09626, 0.62573, 0.13378, 0.13375, 0.10674,
                0.60901, 0.13866, 0.13866, 0.11366, 0.63246, 0.13162, 0.13162, 0.10431, 0.92484, 0.05081, 0.01554, 0.00881,
                0.97825, 0.01533, 0.00406, 0.00237, 0.96469, 0.02474, 0.00668, 0.00388, 0.93027, 0.0481, 0.01374, 0.00788,
                0.88962, 0.07454, 0.02294, 0.0129, 0.85799, 0.09408, 0.03086, 0.01707, 0.84616, 0.10112, 0.03403, 0.01869,
                0.85799, 0.09408, 0.03086, 0.01707, 0.88962, 0.07454, 0.02294, 0.0129, 0.93027, 0.0481, 0.01374, 0.00788,
                0.96469, 0.02474, 0.00668, 0.00388, 0.99914, 0.00064, 0.00014, 0.00008, 0.97295, 0.01983, 0.00453, 0.00269,
                0.90873, 0.06528, 0.01644, 0.00955, 0.83626, 0.11286, 0.03259, 0.01829, 0.78161, 0.1451, 0.04754, 0.02575,
                0.76137, 0.15602, 0.05388, 0.02874, 0.78161, 0.1451, 0.04754, 0.02575, 0.83626, 0.11286, 0.03259, 0.01829,
                0.90873, 0.06528, 0.01644, 0.00955, 0.97295, 0.01983, 0.00453, 0.00269, 0.99587, 0.0032, 0.00057, 0.00036,
                0.95991, 0.03089, 0.00572, 0.00347, 0.87458, 0.09406, 0.01973, 0.01164, 0.78242, 0.15629, 0.03919, 0.0221,
                0.71488, 0.19558, 0.05825, 0.03129, 0.69002, 0.20813, 0.06679, 0.03506, 0.71488, 0.19558, 0.05825, 0.03129,
                0.78242, 0.15629, 0.03919, 0.0221, 0.87458, 0.09406, 0.01973, 0.01164, 0.95991, 0.03089, 0.00572, 0.00347,
                0.98112, 0.01531, 0.00211, 0.00145, 0.93726, 0.0506, 0.00729, 0.00485, 0.8367, 0.12923, 0.02128, 0.01278,
                0.73196, 0.20396, 0.04074, 0.02334, 0.65775, 0.24936, 0.06018, 0.0327, 0.63094, 0.26341, 0.06907, 0.03658,
                0.65775, 0.24936, 0.06018, 0.0327, 0.73196, 0.20396, 0.04074, 0.02334, 0.8367, 0.12923, 0.02128, 0.01278,
                0.93726, 0.0506, 0.00729, 0.00485, 0.78007, 0.11427, 0.07526, 0.03039, 0.79124, 0.11001, 0.0693, 0.02945,
                0.8257, 0.09522, 0.05308, 0.026, 0.88364, 0.06631, 0.03136, 0.0187, 0.9517, 0.0284, 0.0116, 0.0083,
                0.98584, 0.00842, 0.00324, 0.0025, 0.9517, 0.0284, 0.0116, 0.0083, 0.88364, 0.06631, 0.03136, 0.0187,
                0.8257, 0.09522, 0.05308, 0.026, 0.79124, 0.11001, 0.0693, 0.02945, 0.76465, 0.13722, 0.0662, 0.03193,
                0.77637, 0.13204, 0.06084, 0.03076, 0.81315, 0.11397, 0.04624, 0.02664, 0.8767, 0.07824, 0.02666, 0.01839,
                0.95107, 0.03204, 0.00931, 0.00758, 0.98832, 0.00774, 0.0021, 0.00184, 0.95107, 0.03204, 0.00931, 0.00758,
                0.8767, 0.07824, 0.02666, 0.01839, 0.81315, 0.11397, 0.04624, 0.02664, 0.77637, 0.13204, 0.06084, 0.03076,
                0.77206, 0.14689, 0.05134, 0.02971, 0.78291, 0.14126, 0.04738, 0.02845, 0.81554, 0.12312, 0.03684, 0.02449,
                0.86805, 0.09093, 0.02327, 0.01775, 0.92675, 0.05182, 0.0115, 0.00993, 0.95518, 0.03203, 0.0067, 0.00608,
                0.92675, 0.05182, 0.0115, 0.00993, 0.86805, 0.09093, 0.02327, 0.01775, 0.81554, 0.12312, 0.03684, 0.02449,
                0.78291, 0.14126, 0.04738, 0.02845, 0.79354, 0.14381, 0.03716, 0.02549, 0.80063, 0.13964, 0.03512, 0.02462,
                0.82104, 0.12716, 0.02973, 0.02207, 0.85096, 0.10785, 0.02289, 0.01831, 0.8803, 0.08793, 0.01715, 0.01463,
                0.89308, 0.079, 0.01489, 0.01303, 0.8803, 0.08793, 0.01715, 0.01463, 0.85096, 0.10785, 0.02289, 0.01831,
                0.82104, 0.12716, 0.02973, 0.02207, 0.80063, 0.13964, 0.03512, 0.02462, 0.8329, 0.12215, 0.02508, 0.01986,
                0.92527, 0.05918, 0.00977, 0.00577, 0.84582, 0.0658, 0.05636, 0.03202, 0.92527, 0.05918, 0.00977, 0.00577,
                0.84582, 0.0658, 0.05636, 0.03202, 0.8443, 0.11662, 0.02217, 0.01691, 0.94762, 0.02634, 0.0159, 0.01014,
                0.8443, 0.11662, 0.02217, 0.01691, 0.94762, 0.02634, 0.0159, 0.01014, 0.99986, 0.0001, 0.00002, 0.00002,
                0.8046, 0.15664, 0.02628, 0.01248, 0.8317, 0.13027, 0.02512, 0.0129, 0.87385, 0.09055, 0.02204, 0.01355,
                0.90129, 0.06584, 0.01889, 0.01398, 0.91498, 0.05397, 0.01687, 0.01419, 0.91906, 0.05049, 0.0162, 0.01425,
                0.91498, 0.05397, 0.01687, 0.01419, 0.90129, 0.06584, 0.01889, 0.01398, 0.87385, 0.09055, 0.02204, 0.01355,
                0.8317, 0.13027, 0.02512, 0.0129, 0.58284, 0.34356, 0.05344, 0.02016, 0.50558, 0.39976, 0.06499, 0.02967,
                0.67713, 0.22329, 0.05984, 0.03973, 0.76098, 0.14585, 0.04852, 0.04465, 0.79753, 0.11417, 0.0468, 0.04149,
                0.80786, 0.10546, 0.04741, 0.03927, 0.79753, 0.11417, 0.0468, 0.04149, 0.76098, 0.14585, 0.04852, 0.04465,
                0.67713, 0.22329, 0.05984, 0.03973, 0.50558, 0.39976, 0.06499, 0.02967, 0.84739, 0.10391, 0.03608, 0.01262,
                0.5348, 0.33758, 0.08662, 0.041, 0.56074, 0.28569, 0.08547, 0.0681, 0.66664, 0.18474, 0.08096, 0.06767,
                0.71237, 0.1442, 0.08651, 0.05692, 0.72523, 0.1331, 0.08807, 0.05359, 0.71237, 0.1442, 0.08651, 0.05692,
                0.66664, 0.18474, 0.08096, 0.06767, 0.56074, 0.28569, 0.08547, 0.0681, 0.5348, 0.33758, 0.08662, 0.041,
                0.92053, 0.04603, 0.02301, 0.01043, 0.59307, 0.25619, 0.09269, 0.05806, 0.46841, 0.32711, 0.10616, 0.09832,
                0.57483, 0.21545, 0.13027, 0.07944, 0.62207, 0.16959, 0.14098, 0.06735, 0.63551, 0.15692, 0.14402, 0.06355,
                0.62207, 0.16959, 0.14098, 0.06735, 0.57483, 0.21545, 0.13027, 0.07944, 0.46841, 0.32711, 0.10616, 0.09832,
                0.59307, 0.25619, 0.09269, 0.05806, 0.87925, 0.05495, 0.04138, 0.02442, 0.49814, 0.26897, 0.14897, 0.08392,
                0.48515, 0.27104, 0.15877, 0.08504, 0.61316, 0.18385, 0.13328, 0.06972, 0.67679, 0.14761, 0.11568, 0.05992,
                0.69344, 0.13698, 0.10958, 0.06001, 0.67679, 0.14761, 0.11568, 0.05992, 0.61316, 0.18385, 0.13328, 0.06972,
                0.48515, 0.27104, 0.15877, 0.08504, 0.49814, 0.26897, 0.14897, 0.08392, 0.75233, 0.12172, 0.09374, 0.03221,
                0.43433, 0.27858, 0.21646, 0.07063, 0.49247, 0.24693, 0.18654, 0.07406, 0.62141, 0.16947, 0.1441, 0.06502,
                0.68149, 0.13576, 0.12029, 0.06246, 0.69936, 0.12632, 0.11313, 0.0612, 0.68149, 0.13576, 0.12029, 0.06246,
                0.62141, 0.16947, 0.1441, 0.06502, 0.49247, 0.24693, 0.18654, 0.07406, 0.43433, 0.27858, 0.21646, 0.07063,
                0.43458, 0.27289, 0.25276, 0.03976, 0.39072, 0.31311, 0.24535, 0.05081, 0.57755, 0.19302, 0.17309, 0.05634,
                0.68639, 0.13333, 0.12496, 0.05532, 0.73859, 0.10716, 0.10206, 0.05219, 0.75397, 0.09975, 0.0954, 0.05088,
                0.73859, 0.10716, 0.10206, 0.05219, 0.68639, 0.13333, 0.12496, 0.05532, 0.57755, 0.19302, 0.17309, 0.05634,
                0.39072, 0.31311, 0.24535, 0.05081, 0.59682, 0.18706, 0.17752, 0.03859, 0.64289, 0.16212, 0.1554, 0.03959,
                0.72267, 0.12056, 0.11721, 0.03956, 0.78061, 0.09181, 0.09, 0.03757, 0.81153, 0.07706, 0.07583, 0.03559,
                0.82103, 0.07262, 0.07153, 0.03482, 0.81153, 0.07706, 0.07583, 0.03559, 0.78061, 0.09181, 0.09, 0.03757,
                0.72267, 0.12056, 0.11721, 0.03956, 0.64289, 0.16212, 0.1554, 0.03959, 0.8247, 0.07422, 0.07349, 0.02759,
                0.81108, 0.13139, 0.03157, 0.02595, 0.6967, 0.2348, 0.04147, 0.02702, 0.79666, 0.15254, 0.03028, 0.02051,
                0.9014, 0.06912, 0.01668, 0.0128, 0.91963, 0.05268, 0.01463, 0.01306, 0.87907, 0.07579, 0.02263, 0.02251,
                0.83511, 0.10187, 0.03239, 0.03063, 0.80721, 0.12125, 0.0362, 0.03533, 0.78292, 0.14317, 0.03842, 0.03549,
                0.74245, 0.18173, 0.04216, 0.03365, 0.69308, 0.23119, 0.04464, 0.03109, 0.48149, 0.43723, 0.05261, 0.02867,
                0.70789, 0.22811, 0.04005, 0.02395, 0.96686, 0.02244, 0.00603, 0.00467, 0.97664, 0.01406, 0.00472, 0.00458,
                0.87902, 0.06775, 0.02974, 0.02349, 0.81469, 0.1014, 0.04851, 0.03539, 0.79781, 0.11372, 0.04992, 0.03856,
                0.76545, 0.14264, 0.0479, 0.04401, 0.69531, 0.20896, 0.05222, 0.04351, 0.56871, 0.33893, 0.05677, 0.03559,
                0.63945, 0.28149, 0.05205, 0.02701, 0.55116, 0.35296, 0.05954, 0.03633, 0.88897, 0.07125, 0.02113, 0.01866,
                0.92317, 0.04228, 0.01938, 0.01518, 0.82444, 0.08805, 0.05435, 0.03316, 0.77456, 0.10962, 0.07432, 0.04151,
                0.76378, 0.11888, 0.07338, 0.04396, 0.72633, 0.15225, 0.06978, 0.05164, 0.63972, 0.23469, 0.06414, 0.06146,
                0.45885, 0.42823, 0.06884, 0.04408, 0.72902, 0.19309, 0.04795, 0.02994, 0.45137, 0.4196, 0.07291, 0.05611,
                0.71551, 0.17361, 0.05942, 0.05145, 0.78873, 0.10709, 0.0655, 0.03868, 0.73731, 0.11886, 0.0986, 0.04523,
                0.7192, 0.12218, 0.11153, 0.0471, 0.708, 0.13234, 0.10979, 0.04987, 0.66826, 0.16942, 0.10363, 0.05869,
                0.57652, 0.26121, 0.0894, 0.07287, 0.48004, 0.38484, 0.07545, 0.05968, 0.72769, 0.21099, 0.04891, 0.01241,
                0.47868, 0.42008, 0.07653, 0.02471, 0.62914, 0.2604, 0.07345, 0.03701, 0.72925, 0.1689, 0.05896, 0.0429,
                0.7726, 0.13193, 0.05002, 0.04545, 0.78482, 0.1218, 0.04722, 0.04617, 0.7726, 0.13193, 0.05002, 0.04545,
                0.72925, 0.1689, 0.05896, 0.0429, 0.62914, 0.2604, 0.07345, 0.03701, 0.47868, 0.42008, 0.07653, 0.02471,
                0.64471, 0.28529, 0.05253, 0.01747, 0.46782, 0.43374, 0.06979, 0.02865, 0.65558, 0.23893, 0.06534, 0.04015,
                0.74619, 0.15539, 0.05273, 0.04569, 0.7855, 0.12146, 0.0481, 0.04494, 0.7966, 0.11214, 0.04878, 0.04248,
                0.7855, 0.12146, 0.0481, 0.04494, 0.74619, 0.15539, 0.05273, 0.04569, 0.65558, 0.23893, 0.06534, 0.04015,
                0.46782, 0.43374, 0.06979, 0.02865, 0.53864, 0.38967, 0.04796, 0.02374, 0.63555, 0.28714, 0.04929, 0.02801,
                0.75193, 0.17132, 0.0436, 0.03314, 0.8133, 0.1149, 0.03595, 0.03585, 0.84089, 0.09087, 0.03707, 0.03117,
                0.84879, 0.08416, 0.03741, 0.02964, 0.84089, 0.09087, 0.03707, 0.03117, 0.8133, 0.1149, 0.03595, 0.03585,
                0.75193, 0.17132, 0.0436, 0.03314, 0.63555, 0.28714, 0.04929, 0.02801, 0.85568, 0.10913, 0.02002, 0.01517,
                0.87038, 0.09501, 0.01918, 0.01543, 0.89597, 0.07101, 0.01713, 0.01589, 0.9146, 0.05416, 0.01622, 0.01503,
                0.92452, 0.04544, 0.01639, 0.01364, 0.92756, 0.04282, 0.01645, 0.01318, 0.92452, 0.04544, 0.01639, 0.01364,
                0.9146, 0.05416, 0.01622, 0.01503, 0.89597, 0.07101, 0.01713, 0.01589, 0.87038, 0.09501, 0.01918, 0.01543,
                0.96711, 0.02176, 0.00572, 0.00541, 0.73092, 0.10665, 0.08121, 0.08121, 0.80504, 0.08458, 0.06647, 0.04391,
                0.64216, 0.17577, 0.11072, 0.07135, 0.53344, 0.26866, 0.09975, 0.09815, 0.41222, 0.40673, 0.11093, 0.07013,
                0.53942, 0.28926, 0.1181, 0.05322, 0.61626, 0.16807, 0.1472, 0.06847, 0.69487, 0.14773, 0.1195, 0.0379,
                0.99986, 0.0001, 0.00002, 0.00002, 0.91906, 0.05049, 0.0162, 0.01425, 0.91498, 0.05397, 0.01687, 0.01419,
                0.90129, 0.06584, 0.01889, 0.01398, 0.87385, 0.09055, 0.02204, 0.01355, 0.8317, 0.13027, 0.02512, 0.0129,
                0.8046, 0.15664, 0.02628, 0.01248, 0.8317, 0.13027, 0.02512, 0.0129, 0.87385, 0.09055, 0.02204, 0.01355,
                0.90129, 0.06584, 0.01889, 0.01398, 0.91498, 0.05397, 0.01687, 0.01419, 0.80786, 0.10546, 0.04741, 0.03927,
                0.79753, 0.11417, 0.0468, 0.04149, 0.76098, 0.14585, 0.04852, 0.04465, 0.67713, 0.22329, 0.05984, 0.03973,
                0.50558, 0.39976, 0.06499, 0.02967, 0.58284, 0.34356, 0.05344, 0.02016, 0.50558, 0.39976, 0.06499, 0.02967,
                0.67713, 0.22329, 0.05984, 0.03973, 0.76098, 0.14585, 0.04852, 0.04465, 0.79753, 0.11417, 0.0468, 0.04149,
                0.72523, 0.1331, 0.08807, 0.05359, 0.71237, 0.1442, 0.08651, 0.05692, 0.66664, 0.18474, 0.08096, 0.06767,
                0.56074, 0.28569, 0.08547, 0.0681, 0.5348, 0.33758, 0.08662, 0.041, 0.84739, 0.10391, 0.03608, 0.01262,
                0.5348, 0.33758, 0.08662, 0.041, 0.56074, 0.28569, 0.08547, 0.0681, 0.66664, 0.18474, 0.08096, 0.06767,
                0.71237, 0.1442, 0.08651, 0.05692, 0.63551, 0.15692, 0.14402, 0.06355, 0.62207, 0.16959, 0.14098, 0.06735,
                0.57483, 0.21545, 0.13027, 0.07944, 0.46841, 0.32711, 0.10616, 0.09832, 0.59307, 0.25619, 0.09269, 0.05806,
                0.92053, 0.04603, 0.02301, 0.01043, 0.59307, 0.25619, 0.09269, 0.05806, 0.46841, 0.32711, 0.10616, 0.09832,
                0.57483, 0.21545, 0.13027, 0.07944, 0.62207, 0.16959, 0.14098, 0.06735, 0.69344, 0.13698, 0.10958, 0.06001,
                0.67679, 0.14761, 0.11568, 0.05992, 0.61316, 0.18385, 0.13328, 0.06972, 0.48515, 0.27104, 0.15877, 0.08504,
                0.49814, 0.26897, 0.14897, 0.08392, 0.87925, 0.05495, 0.04138, 0.02442, 0.49814, 0.26897, 0.14897, 0.08392,
                0.48515, 0.27104, 0.15877, 0.08504, 0.61316, 0.18385, 0.13328, 0.06972, 0.67679, 0.14761, 0.11568, 0.05992,
                0.69936, 0.12632, 0.11313, 0.0612, 0.68149, 0.13576, 0.12029, 0.06246, 0.62141, 0.16947, 0.1441, 0.06502,
                0.49247, 0.24693, 0.18654, 0.07406, 0.43433, 0.27858, 0.21646, 0.07063, 0.75233, 0.12172, 0.09374, 0.03221,
                0.43433, 0.27858, 0.21646, 0.07063, 0.49247, 0.24693, 0.18654, 0.07406, 0.62141, 0.16947, 0.1441, 0.06502,
                0.68149, 0.13576, 0.12029, 0.06246, 0.75397, 0.09975, 0.0954, 0.05088, 0.73859, 0.10716, 0.10206, 0.05219,
                0.68639, 0.13333, 0.12496, 0.05532, 0.57755, 0.19302, 0.17309, 0.05634, 0.39072, 0.31311, 0.24535, 0.05081,
                0.43458, 0.27289, 0.25276, 0.03976, 0.39072, 0.31311, 0.24535, 0.05081, 0.57755, 0.19302, 0.17309, 0.05634,
                0.68639, 0.13333, 0.12496, 0.05532, 0.73859, 0.10716, 0.10206, 0.05219, 0.82103, 0.07262, 0.07153, 0.03482,
                0.81153, 0.07706, 0.07583, 0.03559, 0.78061, 0.09181, 0.09, 0.03757, 0.72267, 0.12056, 0.11721, 0.03956,
                0.64289, 0.16212, 0.1554, 0.03959, 0.59682, 0.18706, 0.17752, 0.03859, 0.64289, 0.16212, 0.1554, 0.03959,
                0.72267, 0.12056, 0.11721, 0.03956, 0.78061, 0.09181, 0.09, 0.03757, 0.81153, 0.07706, 0.07583, 0.03559,
                0.8247, 0.07422, 0.07349, 0.02759, 0.81108, 0.13139, 0.03157, 0.02595, 0.83511, 0.10187, 0.03239, 0.03063,
                0.87907, 0.07579, 0.02263, 0.02251, 0.91963, 0.05268, 0.01463, 0.01306, 0.9014, 0.06912, 0.01668, 0.0128,
                0.79666, 0.15254, 0.03028, 0.02051, 0.6967, 0.2348, 0.04147, 0.02702, 0.69308, 0.23119, 0.04464, 0.03109,
                0.74245, 0.18173, 0.04216, 0.03365, 0.78292, 0.14317, 0.03842, 0.03549, 0.80721, 0.12125, 0.0362, 0.03533,
                0.81469, 0.1014, 0.04851, 0.03539, 0.87902, 0.06775, 0.02974, 0.02349, 0.97664, 0.01406, 0.00472, 0.00458,
                0.96686, 0.02244, 0.00603, 0.00467, 0.70789, 0.22811, 0.04005, 0.02395, 0.48149, 0.43723, 0.05261, 0.02867,
                0.56871, 0.33893, 0.05677, 0.03559, 0.69531, 0.20896, 0.05222, 0.04351, 0.76545, 0.14264, 0.0479, 0.04401,
                0.79781, 0.11372, 0.04992, 0.03856, 0.77456, 0.10962, 0.07432, 0.04151, 0.82444, 0.08805, 0.05435, 0.03316,
                0.92317, 0.04228, 0.01938, 0.01518, 0.88897, 0.07125, 0.02113, 0.01866, 0.55116, 0.35296, 0.05954, 0.03633,
                0.63945, 0.28149, 0.05205, 0.02701, 0.45885, 0.42823, 0.06884, 0.04408, 0.63972, 0.23469, 0.06414, 0.06146,
                0.72633, 0.15225, 0.06978, 0.05164, 0.76378, 0.11888, 0.07338, 0.04396, 0.7192, 0.12218, 0.11153, 0.0471,
                0.73731, 0.11886, 0.0986, 0.04523, 0.78873, 0.10709, 0.0655, 0.03868, 0.71551, 0.17361, 0.05942, 0.05145,
                0.45137, 0.4196, 0.07291, 0.05611, 0.72902, 0.19309, 0.04795, 0.02994, 0.48004, 0.38484, 0.07545, 0.05968,
                0.57652, 0.26121, 0.0894, 0.07287, 0.66826, 0.16942, 0.10363, 0.05869, 0.708, 0.13234, 0.10979, 0.04987,
                0.78482, 0.1218, 0.04722, 0.04617, 0.7726, 0.13193, 0.05002, 0.04545, 0.72925, 0.1689, 0.05896, 0.0429,
                0.62914, 0.2604, 0.07345, 0.03701, 0.47868, 0.42008, 0.07653, 0.02471, 0.72769, 0.21099, 0.04891, 0.01241,
                0.47868, 0.42008, 0.07653, 0.02471, 0.62914, 0.2604, 0.07345, 0.03701, 0.72925, 0.1689, 0.05896, 0.0429,
                0.7726, 0.13193, 0.05002, 0.04545, 0.7966, 0.11214, 0.04878, 0.04248, 0.7855, 0.12146, 0.0481, 0.04494,
                0.74619, 0.15539, 0.05273, 0.04569, 0.65558, 0.23893, 0.06534, 0.04015, 0.46782, 0.43374, 0.06979, 0.02865,
                0.64471, 0.28529, 0.05253, 0.01747, 0.46782, 0.43374, 0.06979, 0.02865, 0.65558, 0.23893, 0.06534, 0.04015,
                0.74619, 0.15539, 0.05273, 0.04569, 0.7855, 0.12146, 0.0481, 0.04494, 0.84879, 0.08416, 0.03741, 0.02964,
                0.84089, 0.09087, 0.03707, 0.03117, 0.8133, 0.1149, 0.03595, 0.03585, 0.75193, 0.17132, 0.0436, 0.03314,
                0.63555, 0.28714, 0.04929, 0.02801, 0.53864, 0.38967, 0.04796, 0.02374, 0.63555, 0.28714, 0.04929, 0.02801,
                0.75193, 0.17132, 0.0436, 0.03314, 0.8133, 0.1149, 0.03595, 0.03585, 0.84089, 0.09087, 0.03707, 0.03117,
                0.92756, 0.04282, 0.01645, 0.01318, 0.92452, 0.04544, 0.01639, 0.01364, 0.9146, 0.05416, 0.01622, 0.01503,
                0.89597, 0.07101, 0.01713, 0.01589, 0.87038, 0.09501, 0.01918, 0.01543, 0.85568, 0.10913, 0.02002, 0.01517,
                0.87038, 0.09501, 0.01918, 0.01543, 0.89597, 0.07101, 0.01713, 0.01589, 0.9146, 0.05416, 0.01622, 0.01503,
                0.92452, 0.04544, 0.01639, 0.01364, 0.96711, 0.02176, 0.00572, 0.00541, 0.61626, 0.16807, 0.1472, 0.06847,
                0.69487, 0.14773, 0.1195, 0.0379, 0.41222, 0.40673, 0.11093, 0.07013, 0.53942, 0.28926, 0.1181, 0.05322,
                0.64216, 0.17577, 0.11072, 0.07135, 0.53344, 0.26866, 0.09975, 0.09815, 0.73092, 0.10665, 0.08121, 0.08121,
                0.80504, 0.08458, 0.06647, 0.04391
            ] (
                elementSize = 4
                interpolation = "vertex"
            )
        }
        def Mesh "Head" (
            prepend apiSchemas = ["SkelBindingAPI"]
        )
        {
            uniform token subdivisionScheme = "none"
            point3f[] points = [
                (0, 1.495, 0), (-0.02105, 1.49919, 0), (-0.01703, 1.49919, 0.01237), (-0.0065, 1.49919, 0.02002),
                (0.0065, 1.49919, 0.02002), (0.01703, 1.49919, 0.01237), (0.02105, 1.49919, 0), (0.01703, 1.49919, -0.01237),
                (0.0065, 1.49919, -0.02002), (-0.0065, 1.49919, -0.02002), (-0.01703, 1.49919, -0.01237), (-0.03889, 1.51111, 0),
                (-0.03146, 1.51111, 0.02286), (-0.01202, 1.51111, 0.03699), (0.01202, 1.51111, 0.03699), (0.03146, 1.51111, 0.02286),
                (0.03889, 1.51111, 0), (0.03146, 1.51111, -0.02286), (0.01202, 1.51111, -0.03699), (-0.01202, 1.51111, -0.03699),
                (-0.03146, 1.51111, -0.02286), (-0.05081, 1.52895, 0), (-0.04111, 1.52895, 0.02987), (-0.0157, 1.52895, 0.04833),
                (0.0157, 1.52895, 0.04833), (0.04111, 1.52895, 0.02987), (0.05081, 1.52895, 0), (0.04111, 1.52895, -0.02987),
                (0.0157, 1.52895, -0.04833), (-0.0157, 1.52895, -0.04833), (-0.04111, 1.52895, -0.02987), (-0.055, 1.55, 0),
                (-0.0445, 1.55, 0.03233), (-0.017, 1.55, 0.05231), (0.017, 1.55, 0.05231), (0.0445, 1.55, 0.03233),
                (0.055, 1.55, 0), (0.0445, 1.55, -0.03233), (0.017, 1.55, -0.05231), (-0.017, 1.55, -0.05231),
                (-0.0445, 1.55, -0.03233), (-0.055, 1.61, 0), (-0.0445, 1.61, 0.03233), (-0.017, 1.61, 0.05231),
                (0.017, 1.61, 0.05231), (0.0445, 1.61, 0.03233), (0.055, 1.61, 0), (0.0445, 1.61, -0.03233),
                (0.017, 1.61, -0.05231), (-0.017, 1.61, -0.05231), (-0.0445, 1.61, -0.03233), (-0.05081, 1.63105, 0),
                (-0.04111, 1.63105, 0.02987), (-0.0157, 1.63105, 0.04833), (0.0157, 1.63105, 0.04833), (0.04111, 1.63105, 0.02987),
                (0.05081, 1.63105, 0), (0.04111, 1.63105, -0.02987), (0.0157, 1.63105, -0.04833), (-0.0157, 1.63105, -0.04833),
                (-0.04111, 1.63105, -0.02987), (-0.03889, 1.64889, 0), (-0.03146, 1.64889, 0.02286), (-0.01202, 1.64889, 0.03699),
                (0.01202, 1.64889, 0.03699), (0.03146, 1.64889, 0.02286), (0.03889, 1.64889, 0), (0.03146, 1.64889, -0.02286),
                (0.01202, 1.64889, -0.03699), (-0.01202, 1.64889, -0.03699), (-0.03146, 1.64889, -0.02286), (-0.02105, 1.66081, 0),
                (-0.01703, 1.66081, 0.01237), (-0.0065, 1.66081, 0.02002), (0.0065, 1.66081, 0.02002), (0.01703, 1.66081, 0.01237),
                (0.02105, 1.66081, 0), (0.01703, 1.66081, -0.01237), (0.0065, 1.66081, -0.02002), (-0.0065, 1.66081, -0.02002),
                (-0.01703, 1.66081, -0.01237), (0, 1.665, 0), (0, 1.83075, 0.005), (-0.03245, 1.82484, 0.005),
                (-0.02923, 1.82484, 0.01908), (-0.02023, 1.82484, 0.03037), (-0.00722, 1.82484, 0.03663), (0.00722, 1.82484, 0.03663),
                (0.02023, 1.82484, 0.03037), (0.02923, 1.82484, 0.01908), (0.03245, 1.82484, 0.005), (0.02923, 1.82484, -0.00908),
                (0.02023, 1.82484, -0.02037), (0.00722, 1.82484, -0.02663), (-0.00722, 1.82484, -0.02663), (-0.02023, 1.82484, -0.02037),
                (-0.02923, 1.82484, -0.00908), (-0.05561, 1.80769, 0.03178), (-0.06172, 1.80769, 0.005), (-0.03848, 1.80769, 0.05325),
                (-0.01373, 1.80769, 0.06517), (0.01373, 1.80769, 0.06517), (0.03848, 1.80769, 0.05325), (0.05561, 1.80769, 0.03178),
                (0.06172, 1.80769, 0.005), (0.05561, 1.80769, -0.02178), (0.03848, 1.80769, -0.04325), (0.01373, 1.80769, -0.05517),
                (-0.01373, 1.80769, -0.05517), (-0.03848, 1.80769, -0.04325), (-0.05561, 1.80769, -0.02178), (-0.07653, 1.78098, 0.04186),
                (-0.08495, 1.78098, 0.005), (-0.05296, 1.78098, 0.07141), (-0.0189, 1.78098, 0.08782), (0.0189, 1.78098, 0.08782),
                (0.05296, 1.78098, 0.07141), (0.07653, 1.78098, 0.04186), (0.08495, 1.78098, 0.005), (0.07653, 1.78098, -0.03186),
                (0.05296, 1.78098, -0.06141), (0.0189, 1.78098, -0.07782), (-0.0189, 1.78098, -0.07782), (-0.05296, 1.78098, -0.06141),
                (-0.07653, 1.78098, -0.03186), (-0.08997, 1.74731, 0.04833), (-0.09986, 1.74731, 0.005), (-0.06226, 1.74731, 0.08307),
                (-0.02222, 1.74731, 0.10236), (0.02222, 1.74731, 0.10236), (0.06226, 1.74731, 0.08307), (0.08997, 1.74731, 0.04833),
                (0.09986, 1.74731, 0.005), (0.08997, 1.74731, -0.03833), (0.06226, 1.74731, -0.07307), (0.02222, 1.74731, -0.09236),
                (-0.02222, 1.74731, -0.09236), (-0.06226, 1.74731, -0.07307), (-0.08997, 1.74731, -0.03833), (-0.0946, 1.71, 0.05056),
                (-0.105, 1.71, 0.005), (-0.06547, 1.71, 0.08709), (-0.02336, 1.71, 0.10737), (0.02336, 1.71, 0.10737),
                (0.06547, 1.71, 0.08709), (0.0946, 1.71, 0.05056), (0.105, 1.71, 0.005), (0.0946, 1.71, -0.04056),
                (0.06547, 1.71, -0.07709), (0.02336, 1.71, -0.09737), (-0.02336, 1.71, -0.09737), (-0.06547, 1.71, -0.07709),
                (-0.0946, 1.71, -0.04056), (-0.08997, 1.67269, 0.04833), (-0.09986, 1.67269, 0.005), (-0.06226, 1.67269, 0.08307),
                (-0.02222, 1.67269, 0.10236), (0.02222, 1.67269, 0.10236), (0.06226, 1.67269, 0.08307), (0.08997, 1.67269, 0.04833),
                (0.09986, 1.67269, 0.005), (0.08997, 1.67269, -0.03833), (0.06226, 1.67269, -0.07307), (0.02222, 1.67269, -0.09236),
                (-0.02222, 1.67269, -0.09236), (-0.06226, 1.67269, -0.07307), (-0.08997, 1.67269, -0.03833), (-0.07653, 1.63902, 0.04186),
                (-0.08495, 1.63902, 0.005), (-0.05296, 1.63902, 0.07141), (-0.0189, 1.63902, 0.08782), (0.0189, 1.63902, 0.08782),
                (0.05296, 1.63902, 0.07141), (0.07653, 1.63902, 0.04186), (0.08495, 1.63902, 0.005), (0.07653, 1.63902, -0.03186),
                (0.05296, 1.63902, -0.06141), (0.0189, 1.63902, -0.07782), (-0.0189, 1.63902, -0.07782), (-0.05296, 1.63902, -0.06141),
                (-0.07653, 1.63902, -0.03186), (-0.05561, 1.61231, 0.03178), (-0.06172, 1.61231, 0.005), (-0.03848, 1.61231, 0.05325),
                (-0.01373, 1.61231, 0.06517), (0.01373, 1.61231, 0.06517), (0.03848, 1.61231, 0.05325), (0.05561, 1.61231, 0.03178),
                (0.06172, 1.61231, 0.005), (0.05561, 1.61231, -0.02178), (0.03848, 1.61231, -0.04325), (0.01373, 1.61231, -0.05517),
                (-0.01373, 1.61231, -0.05517), (-0.03848, 1.61231, -0.04325), (-0.05561, 1.61231, -0.02178), (-0.02923, 1.59516, 0.01908),
                (-0.03245, 1.59516, 0.005), (-0.02023, 1.59516, 0.03037), (-0.00722, 1.59516, 0.03663), (0.00722, 1.59516, 0.03663),
                (0.02023, 1.59516, 0.03037), (0.02923, 1.59516, 0.01908), (0.03245, 1.59516, 0.005), (0.02923, 1.59516, -0.00908),
                (0.02023, 1.59516, -0.02037), (0.00722, 1.59516, -0.02663), (-0.00722, 1.59516, -0.02663), (-0.02023, 1.59516, -0.02037),
                (-0.02923, 1.59516, -0.00908), (0, 1.58925, 0.005), (0.065, 1.71, 0.12), (0.065, 1.62, 0.12),
                (0.065, 1.71, 0.06), (0.065, 1.62, 0.06), (-0.065, 1.71, 0.06), (-0.065, 1.62, 0.06),
                (-0.065, 1.71, 0.12), (-0.065, 1.62, 0.12)
            ]
            int[] faceVertexCounts = [
                3, 3, 3, 3, 3, 3, 3, 3, 3, 3, 3, 3, 3, 3, 3, 3, 3, 3, 3, 3, 3, 3, 3, 3,
                3, 3, 3, 3, 3, 3, 3, 3, 3, 3, 3, 3, 3, 3, 3, 3, 3, 3, 3, 3, 3, 3, 3, 3,
                3, 3, 3, 3, 3, 3, 3, 3, 3, 3, 3, 3, 3, 3, 3, 3, 3, 3, 3, 3, 3, 3, 3, 3,
                3, 3, 3, 3, 3, 3, 3, 3, 3, 3, 3, 3, 3, 3, 3, 3, 3, 3, 3, 3, 3, 3, 3, 3,
                3, 3, 3, 3, 3, 3, 3, 3, 3, 3, 3, 3, 3, 3, 3, 3, 3, 3, 3, 3, 3, 3, 3, 3,
                3, 3, 3, 3, 3, 3, 3, 3, 3, 3, 3, 3, 3, 3, 3, 3, 3, 3, 3, 3, 3, 3, 3, 3,
                3, 3, 3, 3, 3, 3, 3, 3, 3, 3, 3, 3, 3, 3, 3, 3, 3, 3, 3, 3, 3, 3, 3, 3,
                3, 3, 3, 3, 3, 3, 3, 3, 3, 3, 3, 3, 3, 3, 3, 3, 3, 3, 3, 3, 3, 3, 3, 3,
                3, 3, 3, 3, 3, 3, 3, 3, 3, 3, 3, 3, 3, 3, 3, 3, 3, 3, 3, 3, 3, 3, 3, 3,
                3, 3, 3, 3, 3, 3, 3, 3, 3, 3, 3, 3, 3, 3, 3, 3, 3, 3, 3, 3, 3, 3, 3, 3,
                3, 3, 3, 3, 3, 3, 3, 3, 3, 3, 3, 3, 3, 3, 3, 3, 3, 3, 3, 3, 3, 3, 3, 3,
                3, 3, 3, 3, 3, 3, 3, 3, 3, 3, 3, 3, 3, 3, 3, 3, 3, 3, 3, 3, 3, 3, 3, 3,
                3, 3, 3, 3, 3, 3, 3, 3, 3, 3, 3, 3, 3, 3, 3, 3, 3, 3, 3, 3, 3, 3, 3, 3,
                3, 3, 3, 3, 3, 3, 3, 3, 3, 3, 3, 3, 3, 3, 3, 3, 3, 3, 3, 3, 3, 3, 3, 3,
                3, 3, 3, 3, 3, 3, 3, 3, 3, 3, 3, 3, 3, 3, 3, 3, 3, 3, 3, 3, 3, 3, 3, 3,
                3, 3, 3, 3, 3, 3, 3, 3, 3, 3, 3, 3, 3, 3, 3, 3, 3, 3, 3, 3, 3, 3, 3, 3,
                3, 3, 3, 3, 3, 3, 3, 3, 3, 3, 3, 3, 3, 3, 3, 3, 3, 3, 3, 3, 3, 3, 3, 3,
                3, 3, 3, 3, 3, 3, 3, 3, 3, 3, 3, 3, 3, 3, 3, 3
            ]
            int[] faceVertexIndices = [
                0, 2, 1, 0, 3, 2, 0, 4, 3, 0, 5, 4, 0, 6, 5, 0, 7, 6,
                0, 8, 7, 0, 9, 8, 0, 10, 9, 0, 1, 10, 1, 2, 11, 2, 12, 11,
                2, 3, 12, 3, 13, 12, 3, 4, 13, 4, 14, 13, 4, 5, 14, 5, 15, 14,
                5, 6, 15, 6, 16, 15, 6, 7, 16, 7, 17, 16, 7, 8, 17, 8, 18, 17,
                8, 9, 18, 9, 19, 18, 9, 10, 19, 10, 20, 19, 10, 1, 20, 1, 11, 20,
                11, 12, 21, 12, 22, 21, 12, 13, 22, 13, 23, 22, 13, 14, 23, 14, 24, 23,
                14, 15, 24, 15, 25, 24, 15, 16, 25, 16, 26, 25, 16, 17, 26, 17, 27, 26,
                17, 18, 27, 18, 28, 27, 18, 19, 28, 19, 29, 28, 19, 20, 29, 20, 30, 29,
                20, 11, 30, 11, 21, 30, 21, 22, 31, 22, 32, 31, 22, 23, 32, 23, 33, 32,
                23, 24, 33, 24, 34, 33, 24, 25, 34, 25, 35, 34, 25, 26, 35, 26, 36, 35,
                26, 27, 36, 27, 37, 36, 27, 28, 37, 28, 38, 37, 28, 29, 38, 29, 39, 38,
                29, 30, 39, 30, 40, 39, 30, 21, 40, 21, 31, 40, 31, 32, 41, 32, 42, 41,
                32, 33, 42, 33, 43, 42, 33, 34, 43, 34, 44, 43, 34, 35, 44, 35, 45, 44,
                35, 36, 45, 36, 46, 45, 36, 37, 46, 37, 47, 46, 37, 38, 47, 38, 48, 47,
                38, 39, 48, 39, 49, 48, 39, 40, 49, 40, 50, 49, 40, 31, 50, 31, 41, 50,
                41, 42, 51, 42, 52, 51, 42, 43, 52, 43, 53, 52, 43, 44, 53, 44, 54, 53,
                44, 45, 54, 45, 55, 54, 45, 46, 55, 46, 56, 55, 46, 47, 56, 47, 57, 56,
                47, 48, 57, 48, 58, 57, 48, 49, 58, 49, 59, 58, 49, 50, 59, 50, 60, 59,
                50, 41, 60, 41, 51, 60, 51, 52, 61, 52, 62, 61, 52, 53, 62, 53, 63, 62,
                53, 54, 63, 54, 64, 63, 54, 55, 64, 55, 65, 64, 55, 56, 65, 56, 66, 65,
                56, 57, 66, 57, 67, 66, 57, 58, 67, 58, 68, 67, 58, 59, 68, 59, 69, 68,
                59, 60, 69, 60, 70, 69, 60, 51, 70, 51, 61, 70, 61, 62, 71, 62, 72, 71,
                62, 63, 72, 63, 73, 72, 63, 64, 73, 64, 74, 73, 64, 65, 74, 65, 75, 74,
                65, 66, 75, 66, 76, 75, 66, 67, 76, 67, 77, 76, 67, 68, 77, 68, 78, 77,
                68, 69, 78, 69, 79, 78, 69, 70, 79, 70, 80, 79, 70, 61, 80, 61, 71, 80,
                71, 72, 81, 72, 73, 81, 73, 74, 81, 74, 75, 81, 75, 76, 81, 76, 77, 81,
                77, 78, 81, 78, 79, 81, 79, 80, 81, 80, 71, 81, 82, 83, 84, 82, 84, 85,
                82, 85, 86, 82, 86, 87, 82, 87, 88, 82, 88, 89, 82, 89, 90, 82, 90, 91,
                82, 91, 92, 82, 92, 93, 82, 93, 94, 82, 94, 95, 82, 95, 96, 82, 96, 83,
                84, 83, 97, 83, 98, 97, 85, 84, 99, 84, 97, 99, 86, 85, 100, 85, 99, 100,
                87, 86, 101, 86, 100, 101, 88, 87, 102, 87, 101, 102, 89, 88, 103, 88, 102, 103,
                90, 89, 104, 89, 103, 104, 91, 90, 105, 90, 104, 105, 92, 91, 106, 91, 105, 106,
                93, 92, 107, 92, 106, 107, 94, 93, 108, 93, 107, 108, 95, 94, 109, 94, 108, 109,
                96, 95, 110, 95, 109, 110, 83, 96, 98, 96, 110, 98, 97, 98, 111, 98, 112, 111,
                99, 97, 113, 97, 111, 113, 100, 99, 114, 99, 113, 114, 101, 100, 115, 100, 114, 115,
                102, 101, 116, 101, 115, 116, 103, 102, 117, 102, 116, 117, 104, 103, 118, 103, 117, 118,
                105, 104, 119, 104, 118, 119, 106, 105, 120, 105, 119, 120, 107, 106, 121, 106, 120, 121,
                108, 107, 122, 107, 121, 122, 109, 108, 123, 108, 122, 123, 110, 109, 124, 109, 123, 124,
                98, 110, 112, 110, 124, 112, 111, 112, 125, 112, 126, 125, 113, 111, 127, 111, 125, 127,
                114, 113, 128, 113, 127, 128, 115, 114, 129, 114, 128, 129, 116, 115, 130, 115, 129, 130,
                117, 116, 131, 116, 130, 131, 118, 117, 132, 117, 131, 132, 119, 118, 133, 118, 132, 133,
                120, 119, 134, 119, 133, 134, 121, 120, 135, 120, 134, 135, 122, 121, 136, 121, 135, 136,
                123, 122, 137, 122, 136, 137, 124, 123, 138, 123, 137, 138, 112, 124, 126, 124, 138, 126,
                125, 126, 139, 126, 140, 139, 127, 125, 141, 125, 139, 141, 128, 127, 142, 127, 141, 142,
                129, 128, 143, 128, 142, 143, 130, 129, 144, 129, 143, 144, 131, 130, 145, 130, 144, 145,
                132, 131, 146, 131, 145, 146, 133, 132, 147, 132, 146, 147, 134, 133, 148, 133, 147, 148,
                135, 134, 149, 134, 148, 149, 136, 135, 150, 135, 149, 150, 137, 136, 151, 136, 150, 151,
                138, 137, 152, 137, 151, 152, 126, 138, 140, 138, 152, 140, 139, 140, 153, 140, 154, 153,
                141, 139, 155, 139, 153, 155, 142, 141, 156, 141, 155, 156, 143, 142, 157, 142, 156, 157,
                144, 143, 158, 143, 157, 158, 145, 144, 159, 144, 158, 159, 146, 145, 160, 145, 159, 160,
                147, 146, 161, 146, 160, 161, 148, 147, 162, 147, 161, 162, 149, 148, 163, 148, 162, 163,
                150, 149, 164, 149, 163, 164, 151, 150, 165, 150, 164, 165, 152, 151, 166, 151, 165, 166,
                140, 152, 154, 152, 166, 154, 153, 154, 167, 154, 168, 167, 155, 153, 169, 153, 167, 169,
                156, 155, 170, 155, 169, 170, 157, 156, 171, 156, 170, 171, 158, 157, 172, 157, 171, 172,
                159, 158, 173, 158, 172, 173, 160, 159, 174, 159, 173, 174, 161, 160, 175, 160, 174, 175,
                162, 161, 176, 161, 175, 176, 163, 162, 177, 162, 176, 177, 164, 163, 178, 163, 177, 178,
                165, 164, 179, 164, 178, 179, 166, 165, 180, 165, 179, 180, 154, 166, 168, 166, 180, 168,
                167, 168, 181, 168, 182, 181, 169, 167, 183, 167, 181, 183, 170, 169, 184, 169, 183, 184,
                171, 170, 185, 170, 184, 185, 172, 171, 186, 171, 185, 186, 173, 172, 187, 172, 186, 187,
                174, 173, 188, 173, 187, 188, 175, 174, 189, 174, 188, 189, 176, 175, 190, 175, 189, 190,
                177, 176, 191, 176, 190, 191, 178, 177, 192, 177, 191, 192, 179, 178, 193, 178, 192, 193,
                180, 179, 194, 179, 193, 194, 168, 180, 182, 180, 194, 182, 181, 182, 195, 182, 196, 195,
                183, 181, 197, 181, 195, 197, 184, 183, 198, 183, 197, 198, 185, 184, 199, 184, 198, 199,
                186, 185, 200, 185, 199, 200, 187, 186, 201, 186, 200, 201, 188, 187, 202, 187, 201, 202,
                189, 188, 203, 188, 202, 203, 190, 189, 204, 189, 203, 204, 191, 190, 205, 190, 204, 205,
                192, 191, 206, 191, 205, 206, 193, 192, 207, 192, 206, 207, 194, 193, 208, 193, 207, 208,
                182, 194, 196, 194, 208, 196, 195, 196, 209, 197, 195, 209, 198, 197, 209, 199, 198, 209,
                200, 199, 209, 201, 200, 209, 202, 201, 209, 203, 202, 209, 204, 203, 209, 205, 204, 209,
                206, 205, 209, 207, 206, 209, 208, 207, 209, 196, 208, 209, 210, 211, 212, 211, 213, 212,
                214, 215, 216, 215, 217, 216, 214, 216, 212, 216, 210, 212, 217, 215, 211, 215, 213, 211,
                216, 217, 210, 217, 211, 210, 212, 213, 214, 213, 215, 214
            ]

            rel skel:skeleton = </Character/Skel>
            matrix4d primvars:skel:geomBindTransform = ( (1, 0, 0, 0), (0, 1, 0, 0), (0, 0, 1, 0), (0, 0, 0, 1) )
            int[] primvars:skel:jointIndices = [
                3, 4, 5, 6, 3, 4, 5, 9, 3, 4, 5, 9, 3, 4, 5, 9, 3, 4, 5, 6,
                3, 4, 5, 6, 3, 4, 5, 6, 3, 4, 5, 6, 3, 4, 5, 6, 3, 4, 5, 9,
                3, 4, 5, 9, 3, 4, 5, 9, 3, 4, 5, 9, 3, 4, 5, 9, 3, 4, 5, 6,
                3, 4, 5, 6, 3, 4, 5, 6, 3, 4, 5, 6, 3, 4, 5, 6, 3, 4, 5, 9,
                3, 4, 5, 9, 4, 3, 5, 9, 4, 3, 5, 9, 4, 3, 5, 9, 4, 3, 5, 6,
                4, 3, 5, 6, 4, 3, 5, 6, 4, 3, 5, 6, 4, 3, 5, 6, 4, 3, 5, 9,
                4, 3, 5, 9, 4, 3, 5, 9, 4, 3, 5, 9, 4, 3, 5, 9, 4, 3, 5, 6,
                4, 3, 5, 6, 4, 3, 5, 6, 4, 3, 5, 6, 4, 3, 5, 6, 4, 3, 5, 9,
                4, 3, 5, 9, 4, 5, 3, 9, 4, 5, 3, 9, 4, 5, 3, 9, 4, 5, 3, 6,
                4, 5, 3, 6, 4, 5, 3, 6, 4, 5, 3, 6, 4, 5, 3, 6, 4, 5, 3, 9,
                4, 5, 3, 9, 5, 4, 3, 9, 5, 4, 3, 9, 5, 4, 3, 9, 5, 4, 3, 6,
                5, 4, 3, 6, 5, 4, 3, 6, 5, 4, 3, 6, 5, 4, 3, 6, 5, 4, 3, 9,
                5, 4, 3, 9, 5, 4, 3, 9, 5, 4, 3, 9, 5, 4, 3, 9, 5, 4, 3, 6,
                5, 4, 3, 6, 5, 4, 3, 6, 5, 4, 3, 6, 5, 4, 3, 6, 5, 4, 3, 9,
                5, 4, 3, 9, 5, 4, 3, 9, 5, 4, 3, 9, 5, 4, 3, 9, 5, 4, 3, 6,
                5, 4, 3, 6, 5, 4, 3, 6, 5, 4, 3, 6, 5, 4, 3, 6, 5, 4, 3, 9,
                5, 4, 3, 9, 5, 4, 3, 6, 5, 4, 3, 6, 5, 4, 3, 9, 5, 4, 3, 9,
                5, 4, 3, 9, 5, 4, 3, 9, 5, 4, 3, 6, 5, 4, 3, 6, 5, 4, 3, 6,
                5, 4, 3, 6, 5, 4, 3, 6, 5, 4, 3, 6, 5, 4, 3, 6, 5, 4, 3, 9,
                5, 4, 3, 9, 5, 4, 3, 9, 5, 4, 3, 9, 5, 4, 3, 9, 5, 4, 3, 9,
                5, 4, 3, 9, 5, 4, 3, 6, 5, 4, 3, 6, 5, 4, 3, 6, 5, 4, 3, 6,
                5, 4, 3, 6, 5, 4, 3, 6, 5, 4, 3, 6, 5, 4, 3, 9, 5, 4, 3, 9,
                5, 4, 3, 9, 5, 4, 3, 9, 5, 4, 3, 9, 5, 4, 3, 9, 5, 4, 3, 9,
                5, 4, 3, 6, 5, 4, 3, 6, 5, 4, 3, 6, 5, 4, 3, 6, 5, 4, 3, 6,
                5, 4, 3, 6, 5, 4, 3, 6, 5, 4, 3, 9, 5, 4, 3, 9, 5, 4, 3, 9,
                5, 4, 3, 9, 5, 4, 3, 9, 5, 4, 3, 9, 5, 4, 3, 9, 5, 4, 3, 6,
                5, 4, 3, 6, 5, 4, 3, 6, 5, 4, 3, 6, 5, 4, 3, 6, 5, 4, 3, 6,
                5, 4, 3, 6, 5, 4, 3, 9, 5, 4, 3, 9, 5, 4, 3, 9, 5, 4, 3, 9,
                5, 4, 3, 9, 5, 4, 3, 9, 5, 4, 3, 9, 5, 4, 3, 6, 5, 4, 3, 6,
                5, 4, 3, 6, 5, 4, 3, 6, 5, 4, 3, 6, 5, 4, 3, 6, 5, 4, 3, 6,
                5, 4, 3, 9, 5, 4, 3, 9, 5, 4, 3, 9, 5, 4, 3, 9, 5, 4, 3, 9,
                5, 4, 3, 9, 5, 4, 3, 9, 5, 4, 3, 6, 5, 4, 3, 6, 5, 4, 3, 6,
                5, 4, 3, 6, 5, 4, 3, 6, 5, 4, 3, 6, 5, 4, 3, 6, 5, 4, 3, 9,
                5, 4, 3, 9, 5, 4, 3, 9, 5, 4, 3, 9, 5, 4, 3, 9, 5, 4, 3, 9,
                5, 4, 3, 9, 5, 4, 3, 6, 5, 4, 3, 6, 5, 4, 3, 6, 5, 4, 3, 6,
                5, 4, 3, 6, 5, 4, 3, 6, 5, 4, 3, 6, 5, 4, 3, 9, 5, 4, 3, 9,
                5, 4, 3, 9, 4, 5, 3, 9, 4, 5, 3, 9, 4, 5, 3, 9, 4, 5, 3, 9,
                4, 5, 3, 6, 4, 5, 3, 6, 4, 5, 3, 6, 4, 5, 3, 6, 4, 5, 3, 6,
                4, 5, 3, 6, 4, 5, 3, 6, 4, 5, 3, 9, 4, 5, 3, 9, 4, 5, 3, 9,
                4, 5, 3, 9, 4, 5, 3, 9, 4, 5, 3, 9, 4, 5, 3, 9, 4, 5, 3, 6,
                4, 5, 3, 6, 4, 5, 3, 6, 4, 5, 3, 6, 4, 5, 3, 6, 4, 5, 3, 6,
                4, 5, 3, 6, 4, 5, 3, 9, 4, 5, 3, 9, 4, 5, 3, 9, 4, 5, 3, 6,
                5, 4, 3, 6, 5, 4, 3, 6, 5, 4, 3, 6, 5, 4, 3, 6, 5, 4, 3, 9,
                5, 4, 3, 9, 5, 4, 3, 9, 5, 4, 3, 9
            ] (
                elementSize = 4
                interpolation = "vertex"
            )
            float[] primvars:skel:jointWeights = [
                0.99829, 0.0016, 0.00006, 0.00005, 0.64029, 0.32373, 0.01886, 0.01712, 0.64099, 0.32408, 0.01888, 0.01605,
                0.64246, 0.32483, 0.01893, 0.01379, 0.64246, 0.32483, 0.01893, 0.01379, 0.64099, 0.32408, 0.01888, 0.01605,
                0.64029, 0.32373, 0.01886, 0.01712, 0.64099, 0.32408, 0.01888, 0.01605, 0.64246, 0.32483, 0.01893, 0.01379,
                0.64246, 0.32483, 0.01893, 0.01379, 0.64099, 0.32408, 0.01888, 0.01605, 0.46044, 0.43757, 0.05209, 0.0499,
                0.46344, 0.44042, 0.05243, 0.04371, 0.46863, 0.44536, 0.05302, 0.033, 0.46863, 0.44536, 0.05302, 0.033,
                0.46344, 0.44042, 0.05243, 0.04371, 0.46044, 0.43757, 0.05209, 0.0499, 0.46344, 0.44042, 0.05243, 0.04371,
                0.46863, 0.44536, 0.05302, 0.033, 0.46863, 0.44536, 0.05302, 0.033, 0.46344, 0.44042, 0.05243, 0.04371,
                0.41852, 0.40592, 0.0994, 0.07617, 0.42371, 0.41095, 0.10063, 0.06472, 0.43199, 0.41898, 0.1026, 0.04644,
                0.43199, 0.41898, 0.1026, 0.04644, 0.42371, 0.41095, 0.10063, 0.06472, 0.41852, 0.40592, 0.0994, 0.07617,
                0.42371, 0.41095, 0.10063, 0.06472, 0.43199, 0.41898, 0.1026, 0.04644, 0.43199, 0.41898, 0.1026, 0.04644,
                0.42371, 0.41095, 0.10063, 0.06472, 0.42955, 0.33105, 0.16396, 0.07544, 0.43433, 0.33474, 0.16578, 0.06515,
                0.44229, 0.34087, 0.16882, 0.04801, 0.44229, 0.34087, 0.16882, 0.04801, 0.43433, 0.33474, 0.16578, 0.06515,
                0.42955, 0.33105, 0.16396, 0.07544, 0.43433, 0.33474, 0.16578, 0.06515, 0.44229, 0.34087, 0.16882, 0.04801,
                0.44229, 0.34087, 0.16882, 0.04801, 0.43433, 0.33474, 0.16578, 0.06515, 0.4288, 0.41508, 0.1166, 0.03952,
                0.4302, 0.41644, 0.11698, 0.03639, 0.43299, 0.41914, 0.11774, 0.03013, 0.43299, 0.41914, 0.11774, 0.03013,
                0.4302, 0.41644, 0.11698, 0.03639, 0.4288, 0.41508, 0.1166, 0.03952, 0.4302, 0.41644, 0.11698, 0.03639,
                0.43299, 0.41914, 0.11774, 0.03013, 0.43299, 0.41914, 0.11774, 0.03013, 0.4302, 0.41644, 0.11698, 0.03639,
                0.45633, 0.43574, 0.07901, 0.02893, 0.45716, 0.43653, 0.07915, 0.02717, 0.45891, 0.4382, 0.07945, 0.02343,
                0.45891, 0.4382, 0.07945, 0.02343, 0.45716, 0.43653, 0.07915, 0.02717, 0.45633, 0.43574, 0.07901, 0.02893,
                0.45716, 0.43653, 0.07915, 0.02717, 0.45891, 0.4382, 0.07945, 0.02343, 0.45891, 0.4382, 0.07945, 0.02343,
                0.45716, 0.43653, 0.07915, 0.02717, 0.56876, 0.3665, 0.04746, 0.01728, 0.56915, 0.36676, 0.04749, 0.0166,
                0.57005, 0.36733, 0.04757, 0.01505, 0.57005, 0.36733, 0.04757, 0.01505, 0.56915, 0.36676, 0.04749, 0.0166,
                0.56876, 0.3665, 0.04746, 0.01728, 0.56915, 0.36676, 0.04749, 0.0166, 0.57005, 0.36733, 0.04757, 0.01505,
                0.57005, 0.36733, 0.04757, 0.01505, 0.56915, 0.36676, 0.04749, 0.0166, 0.80678, 0.16949, 0.01763, 0.0061,
                0.80687, 0.16951, 0.01763, 0.00599, 0.8071, 0.16956, 0.01764, 0.00571, 0.8071, 0.16956, 0.01764, 0.00571,
                0.80687, 0.16951, 0.01763, 0.00599, 0.80678, 0.16949, 0.01763, 0.0061, 0.80687, 0.16951, 0.01763, 0.00599,
                0.8071, 0.16956, 0.01764, 0.00571, 0.8071, 0.16956, 0.01764, 0.00571, 0.80687, 0.16951, 0.01763, 0.00599,
                0.99944, 0.00049, 0.00005, 0.00002, 0.99456, 0.00315, 0.00145, 0.00085, 0.95736, 0.0245, 0.01121, 0.00693,
                0.95232, 0.02739, 0.01256, 0.00772, 0.94843, 0.02968, 0.01363, 0.00825, 0.94642, 0.03095, 0.01422, 0.00841,
                0.94642, 0.03095, 0.01422, 0.00841, 0.94843, 0.02968, 0.01363, 0.00825, 0.95232, 0.02739, 0.01256, 0.00772,
                0.95736, 0.0245, 0.01121, 0.00693, 0.96255, 0.02155, 0.00985, 0.00605, 0.96683, 0.01915, 0.00874, 0.00528,
                0.96928, 0.01781, 0.00812, 0.00479, 0.96928, 0.01781, 0.00812, 0.00479, 0.96683, 0.01915, 0.00874, 0.00528,
                0.96255, 0.02155, 0.00985, 0.00605, 0.84627, 0.08826, 0.03996, 0.02551, 0.85396, 0.08382, 0.03781, 0.02442,
                0.84081, 0.09178, 0.04168, 0.02573, 0.83847, 0.09377, 0.04265, 0.02511, 0.83847, 0.09377, 0.04265, 0.02511,
                0.84081, 0.09178, 0.04168, 0.02573, 0.84627, 0.08826, 0.03996, 0.02551, 0.85396, 0.08382, 0.03781, 0.02442,
                0.8624, 0.07928, 0.03563, 0.02269, 0.86978, 0.07556, 0.03385, 0.0208, 0.87441, 0.07349, 0.03287, 0.01924,
                0.87441, 0.07349, 0.03287, 0.01924, 0.86978, 0.07556, 0.03385, 0.0208, 0.8624, 0.07928, 0.03563, 0.02269,
                0.71763, 0.1629, 0.07212, 0.04735, 0.72526, 0.1584, 0.0697, 0.04664, 0.71305, 0.16668, 0.07415, 0.04612,
                0.71197, 0.16906, 0.07542, 0.04355, 0.71197, 0.16906, 0.07542, 0.04355, 0.71305, 0.16668, 0.07415, 0.04612,
                0.71763, 0.1629, 0.07212, 0.04735, 0.72526, 0.1584, 0.0697, 0.04664, 0.73462, 0.15399, 0.06733, 0.04406,
                0.74355, 0.15052, 0.06548, 0.04045, 0.74981, 0.14875, 0.06452, 0.03691, 0.74981, 0.14875, 0.06452, 0.03691,
                0.74355, 0.15052, 0.06548, 0.04045, 0.73462, 0.15399, 0.06733, 0.04406, 0.59831, 0.23426, 0.10049, 0.06694,
                0.60436, 0.23056, 0.09797, 0.06711, 0.59583, 0.23796, 0.10283, 0.06337, 0.59663, 0.24082, 0.10449, 0.05806,
                0.59663, 0.24082, 0.10449, 0.05806, 0.59583, 0.23796, 0.10283, 0.06337, 0.59831, 0.23426, 0.10049, 0.06694,
                0.60436, 0.23056, 0.09797, 0.06711, 0.61319, 0.22755, 0.09577, 0.06349, 0.62258, 0.22568, 0.09424, 0.05751,
                0.62983, 0.22524, 0.09364, 0.05129, 0.62983, 0.22524, 0.09364, 0.05129, 0.62258, 0.22568, 0.09424, 0.05751,
                0.61319, 0.22755, 0.09577, 0.06349, 0.50305, 0.29522, 0.12158, 0.08015, 0.50713, 0.29263, 0.11885, 0.08139,
                0.50279, 0.29886, 0.12442, 0.07392, 0.50523, 0.30237, 0.12662, 0.06578, 0.50523, 0.30237, 0.12662, 0.06578,
                0.50279, 0.29886, 0.12442, 0.07392, 0.50305, 0.29522, 0.12158, 0.08015, 0.50713, 0.29263, 0.11885, 0.08139,
                0.51489, 0.29179, 0.11682, 0.0765, 0.52406, 0.29246, 0.11571, 0.06777, 0.53161, 0.29405, 0.11556, 0.05878,
                0.53161, 0.29405, 0.11556, 0.05878, 0.52406, 0.29246, 0.11571, 0.06777, 0.51489, 0.29179, 0.11682, 0.0765,
                0.43657, 0.34481, 0.13495, 0.08366, 0.43899, 0.34359, 0.13175, 0.08567, 0.43788, 0.34821, 0.13844, 0.07547,
                0.44122, 0.35212, 0.14119, 0.06547, 0.44122, 0.35212, 0.14119, 0.06547, 0.43788, 0.34821, 0.13844, 0.07547,
                0.43657, 0.34481, 0.13495, 0.08366, 0.43899, 0.34359, 0.13175, 0.08567, 0.44553, 0.34531, 0.12961, 0.07955,
                0.45392, 0.34885, 0.12861, 0.06861, 0.46101, 0.35256, 0.12865, 0.05779, 0.46101, 0.35256, 0.12865, 0.05779,
                0.45392, 0.34885, 0.12861, 0.06861, 0.44553, 0.34531, 0.12961, 0.07955, 0.40203, 0.38378, 0.14049, 0.0737,
                0.40366, 0.38445, 0.13653, 0.07536, 0.4036, 0.38593, 0.14455, 0.06591, 0.4067, 0.38924, 0.14758, 0.05648,
                0.4067, 0.38924, 0.14758, 0.05648, 0.4036, 0.38593, 0.14455, 0.06591, 0.40203, 0.38378, 0.14049, 0.0737,
                0.40366, 0.38445, 0.13653, 0.07536, 0.40897, 0.38851, 0.13359, 0.06893, 0.41587, 0.39418, 0.13185, 0.0581,
                0.42162, 0.3991, 0.13138, 0.0479, 0.42162, 0.3991, 0.13138, 0.0479, 0.41587, 0.39418, 0.13185, 0.0581,
                0.40897, 0.38851, 0.13359, 0.06893, 0.41157, 0.40572, 0.13374, 0.04897, 0.4144, 0.40811, 0.12859, 0.04889,
                0.41118, 0.40562, 0.13825, 0.04495, 0.41245, 0.40703, 0.1412, 0.03932, 0.41245, 0.40703, 0.1412, 0.03932,
                0.41118, 0.40562, 0.13825, 0.04495, 0.41157, 0.40572, 0.13374, 0.04897, 0.4144, 0.40811, 0.12859, 0.04889,
                0.4195, 0.41266, 0.12377, 0.04408, 0.42518, 0.41781, 0.12002, 0.03699, 0.42949, 0.42177, 0.11811, 0.03062,
                0.42949, 0.42177, 0.11811, 0.03062, 0.42518, 0.41781, 0.12002, 0.03699, 0.4195, 0.41266, 0.12377, 0.04408,
                0.53264, 0.35359, 0.09451, 0.01926, 0.5467, 0.34766, 0.08759, 0.01804, 0.52336, 0.35763, 0.09983, 0.01918,
                0.51922, 0.35992, 0.10278, 0.01808, 0.51922, 0.35992, 0.10278, 0.01808, 0.52336, 0.35763, 0.09983, 0.01918,
                0.53264, 0.35359, 0.09451, 0.01926, 0.5467, 0.34766, 0.08759, 0.01804, 0.56393, 0.34002, 0.08023, 0.01581,
                0.58067, 0.33205, 0.07393, 0.01336, 0.59154, 0.32676, 0.07027, 0.01143, 0.59154, 0.32676, 0.07027, 0.01143,
                0.58067, 0.33205, 0.07393, 0.01336, 0.56393, 0.34002, 0.08023, 0.01581, 0.96938, 0.02497, 0.00503, 0.00062,
                0.44448, 0.30977, 0.15127, 0.09448, 0.32989, 0.32989, 0.21464, 0.12558, 0.56454, 0.27739, 0.10057, 0.0575,
                0.37818, 0.37818, 0.16602, 0.07762, 0.56454, 0.27739, 0.10057, 0.0575, 0.37818, 0.37818, 0.16602, 0.07762,
                0.44448, 0.30977, 0.15127, 0.09448, 0.32989, 0.32989, 0.21464, 0.12558
            ] (
                elementSize = 4
                interpolation = "vertex"
            )
        }
    }
}
